Index,FloatValue,ADCValue
0,21.6000,2069
1,40.9959,2088
2,51.2494,2099
3,39.9907,2087
4,45.8132,2093
5,17.6727,2065
6,11.2981,2059
7,2.6184,2050
8,-5.0097,2042
9,1.2078,2049
10,27.9028,2075
11,39.3346,2087
12,63.5631,2111
13,58.0210,2106
14,48.5046,2096
15,23.9729,2071
16,9.5583,2057
17,-3.8061,2044
18,5.6402,2053
19,9.4959,2057
20,22.1971,2070
21,51.2083,2099
22,61.7939,2109
23,53.9920,2101
24,53.4039,2101
25,24.9938,2072
26,13.2996,2061
27,-5.9404,2042
28,2.2394,2050
29,6.0431,2054
30,21.7119,2069
31,33.1152,2081
32,47.1223,2095
33,53.3761,2101
34,43.6822,2091
35,24.6092,2072
36,11.0989,2059
37,-8.3068,2039
38,-18.4386,2029
39,-2.4897,2045
40,11.3842,2059
41,36.6546,2084
42,35.9930,2083
43,34.4437,2082
44,35.4137,2083
45,7.2724,2055
46,0.7620,2048
47,-25.9758,2022
48,-28.7718,2019
49,-7.8201,2040
50,-2.4777,2045
51,16.9251,2064
52,40.0583,2088
53,37.1635,2085
54,20.8449,2068
55,6.0690,2054
56,-14.2255,2033
57,-23.9005,2024
58,-18.9910,2029
59,-11.2951,2036
60,-8.9744,2039
61,12.6365,2060
62,35.4025,2083
63,24.1605,2072
64,15.3088,2063
65,-8.1936,2039
66,-17.2169,2030
67,-31.0317,2016
68,-33.6748,2014
69,-13.3271,2034
70,-1.5045,2046
71,31.3233,2079
72,40.8479,2088
73,34.7789,2082
74,18.7011,2066
75,11.6637,2059
76,-14.2893,2033
77,-22.5088,2025
78,-29.6759,2018
79,-15.6732,2032
80,21.2324,2069
81,48.0795,2096
82,105.7595,2153
83,130.7285,2178
84,111.8456,2159
85,26.3749,2074
86,-130.5572,1917
87,-269.8373,1778
88,-342.9836,1705
89,-247.0298,1800
90,21.0375,2069
91,437.3544,2485
92,812.2569,2860
93,933.1243,2981
94,658.2449,2706
95,20.6669,2068
96,-744.9767,1303
97,-1295.9409,752
98,-1360.8540,687
99,-862.9692,1185
100,38.9331,2086
101,924.5345,2972
102,1425.9524,3473
103,1367.7933,3415
104,802.0074,2850
105,19.5761,2067
106,-594.3672,1453
107,-883.5588,1164
108,-759.3660,1288
109,-374.0782,1673
110,27.0785,2075
111,307.6621,2355
112,381.8144,2429
113,321.9593,2369
114,172.2743,2220
115,20.4533,2068
116,-61.5774,1986
117,-79.8785,1968
118,-66.5724,1981
119,-29.7864,2018
120,14.7490,2062
121,39.7399,2087
122,50.4380,2098
123,42.3906,2090
124,41.9289,2089
125,15.1851,2063
126,-2.5784,2045
127,-15.7049,2032
128,-29.5329,2018
129,-15.6655,2032
130,9.2177,2057
131,23.8187,2071
132,42.0779,2090
133,32.4881,2080
134,27.4768,2075
135,5.0138,2053
136,-24.9643,2023
137,-20.9234,2027
138,-34.0997,2013
139,-22.4920,2025
140,-4.2609,2043
141,21.8595,2069
142,24.9344,2072
143,24.4013,2072
144,8.4599,2056
145,-5.7281,2042
146,-12.8290,2035
147,-23.7087,2024
148,-35.2075,2012
149,-22.3284,2025
150,0.9624,2048
151,21.1257,2069
152,42.2215,2090
153,28.4824,2076
154,17.5031,2065
155,6.2410,2054
156,-10.1745,2037
157,-19.0140,2028
158,-23.9212,2024
159,-5.1027,2042
160,18.4720,2066
161,39.0612,2087
162,46.3220,2094
163,40.2851,2088
164,33.1427,2081
165,18.4491,2066
166,10.5290,2058
167,-17.8917,2030
168,-10.0535,2037
169,7.8564,2055
170,18.5135,2066
171,35.2371,2083
172,61.9138,2109
173,56.8696,2104
174,44.1446,2092
175,35.8836,2083
176,3.6248,2051
177,-2.9964,2045
178,-7.3192,2040
179,-0.1986,2047
180,26.1701,2074
181,68.4329,2116
182,104.3499,2152
183,122.8199,2170
184,111.5672,2159
185,21.0622,2069
186,-91.0921,1956
187,-233.4693,1814
188,-291.3250,1756
189,-208.4976,1839
190,23.1784,2071
191,381.6435,2429
192,703.3801,2751
193,819.6550,2867
194,568.5442,2616
195,18.8567,2066
196,-647.9207,1400
197,-1145.0752,902
198,-1200.6852,847
199,-759.3191,1288
200,23.1104,2071
201,781.7033,2829
202,1230.6201,3278
203,1175.5211,3223
204,674.6540,2722
205,9.7232,2057
206,-548.5577,1499
207,-778.0844,1269
208,-680.8555,1367
209,-356.1938,1691
210,2.3649,2050
211,258.9142,2306
212,330.1937,2378
213,254.1654,2302
214,122.0006,2170
215,11.8374,2059
216,-79.8866,1968
217,-97.1712,1950
218,-71.9409,1976
219,-31.0709,2016
220,8.3427,2056
221,36.8616,2084
222,42.7339,2090
223,29.7677,2077
224,18.9106,2066
225,8.2257,2056
226,-27.0487,2020
227,-30.7723,2017
228,-26.9975,2021
229,-8.8818,2039
230,6.1023,2054
231,27.0439,2075
232,30.6645,2078
233,35.8408,2083
234,32.3876,2080
235,-2.3344,2045
236,-9.3988,2038
237,-29.4786,2018
238,-19.6195,2028
239,-15.0280,2032
240,5.9258,2053
241,25.9004,2073
242,52.1539,2100
243,42.1161,2090
244,32.9803,2080
245,20.9020,2068
246,-1.1897,2046
247,-14.5668,2033
248,-15.6734,2032
249,-3.9156,2044
250,13.7369,2061
251,31.5428,2079
252,55.3612,2103
253,50.0234,2098
254,49.5243,2097
255,18.0217,2066
256,4.0478,2052
257,-3.0679,2044
258,-0.9650,2047
259,6.7532,2054
260,23.9219,2071
261,50.4029,2098
262,50.0600,2098
263,51.7296,2099
264,54.0104,2102
265,31.4643,2079
266,6.8243,2054
267,-1.7747,2046
268,2.8337,2050
269,5.6670,2053
270,17.9992,2065
271,42.3444,2090
272,55.9924,2103
273,64.9032,2112
274,49.2082,2097
275,24.2028,2072
276,7.3714,2055
277,-6.8643,2041
278,-10.2284,2037
279,-8.4310,2039
280,25.2396,2073
281,47.4427,2095
282,79.1380,2127
283,105.7879,2153
284,79.5090,2127
285,15.8761,2063
286,-78.5003,1969
287,-186.8254,1861
288,-234.1766,1813
289,-174.9025,1873
290,9.5687,2057
291,290.4897,2338
292,528.4447,2576
293,619.7096,2667
294,439.8203,2487
295,12.3309,2060
296,-520.6701,1527
297,-892.5150,1155
298,-934.0211,1113
299,-600.5628,1447
300,8.6362,2056
301,606.7213,2654
302,947.6377,2995
303,896.1559,2944
304,515.7125,2563
305,-8.5267,2039
306,-428.4941,1619
307,-609.5067,1438
308,-523.4148,1524
309,-284.2975,1763
310,9.1206,2057
311,187.6079,2235
312,256.4199,2304
313,212.1047,2260
314,106.7120,2154
315,-2.8568,2045
316,-59.6114,1988
317,-82.1556,1965
318,-59.1288,1988
319,-16.8262,2031
320,1.6001,2049
321,26.4989,2074
322,41.3137,2089
323,51.5437,2099
324,28.6648,2076
325,17.1417,2065
326,-7.2176,2040
327,-0.9417,2047
328,-15.1461,2032
329,-6.3109,2041
330,19.5129,2067
331,32.6053,2080
332,50.2707,2098
333,56.5749,2104
334,34.1269,2082
335,21.8878,2069
336,4.7842,2052
337,-0.8545,2047
338,6.5291,2054
339,12.7310,2060
340,23.1850,2071
341,41.9537,2089
342,52.7000,2100
343,62.2591,2110
344,56.8304,2104
345,36.1758,2084
346,8.2315,2056
347,7.9329,2055
348,9.2445,2057
349,15.7679,2063
350,32.9426,2080
351,45.6349,2093
352,50.9145,2098
353,62.2213,2110
354,37.9597,2085
355,34.8967,2082
356,4.5734,2052
357,-6.8699,2041
358,3.3350,2051
359,-3.8053,2044
360,29.7520,2077
361,44.6787,2092
362,41.2454,2089
363,53.2969,2101
364,25.0393,2073
365,20.6414,2068
366,-10.5551,2037
367,-19.2099,2028
368,-21.1520,2026
369,-6.7654,2041
370,17.6145,2065
371,16.2864,2064
372,41.3335,2089
373,38.5510,2086
374,27.5799,2075
375,9.3060,2057
376,-15.4053,2032
377,-27.7651,2020
378,-29.0221,2018
379,-22.0424,2025
380,6.8157,2054
381,34.6111,2082
382,59.8252,2107
383,51.3867,2099
384,39.1241,2087
385,3.4024,2051
386,-76.4428,1971
387,-141.0012,1906
388,-161.0631,1886
389,-121.1993,1926
390,-3.5849,2044
391,178.0393,2226
392,330.5204,2378
393,371.4701,2419
394,257.7624,2305
395,-4.3147,2043
396,-306.0189,1741
397,-549.5953,1498
398,-571.1639,1476
399,-354.9488,1693
400,4.9101,2052
401,384.9853,2432
402,592.7057,2640
403,554.3078,2602
404,333.5735,2381
405,24.5719,2072
406,-250.3519,1797
407,-369.2238,1678
408,-310.3907,1737
409,-155.3696,1892
410,11.2482,2059
411,141.1086,2189
412,183.0594,2231
413,157.1260,2205
414,99.9318,2147
415,26.2836,2074
416,-15.2136,2032
417,-34.0293,2013
418,-19.6044,2028
419,-3.1159,2044
420,18.7620,2066
421,50.3036,2098
422,70.1628,2118
423,70.5760,2118
424,48.4713,2096
425,37.9959,2085
426,2.5337,2050
427,-2.4552,2045
428,3.5093,2051
429,21.0655,2069
430,29.6032,2077
431,54.6018,2102
432,63.7562,2111
433,50.9282,2098
434,44.7297,2092
435,35.1293,2083
436,12.4659,2060
437,3.2785,2051
438,-3.8662,2044
439,0.4372,2048
440,18.4325,2066
441,39.7903,2087
442,40.3816,2088
443,40.6500,2088
444,36.4034,2084
445,6.4101,2054
446,-7.5869,2040
447,-19.8448,2028
448,-16.3943,2031
449,-7.0285,2040
450,11.0961,2059
451,16.8523,2064
452,45.1103,2093
453,44.7133,2092
454,33.2673,2081
455,3.5409,2051
456,-15.7240,2032
457,-34.7888,2013
458,-30.2851,2017
459,-25.0095,2022
460,-8.5199,2039
461,24.8510,2072
462,28.5702,2076
463,26.4781,2074
464,19.5757,2067
465,0.2270,2048
466,-20.6316,2027
467,-31.6643,2016
468,-30.5090,2017
469,-8.7667,2039
470,-6.2024,2041
471,14.2482,2062
472,21.0462,2069
473,26.6257,2074
474,20.3840,2068
475,6.4787,2054
476,-6.1585,2041
477,-27.3970,2020
478,-23.6788,2024
479,-13.4097,2034
480,13.6406,2061
481,16.9315,2064
482,36.5223,2084
483,44.2424,2092
484,30.0852,2078
485,21.6064,2069
486,0.7349,2048
487,-4.8003,2043
488,-2.8448,2045
489,9.7955,2057
490,18.1506,2066
491,37.0774,2085
492,46.0356,2094
493,59.2553,2107
494,47.7305,2095
495,22.6176,2070
496,6.0469,2054
497,1.5488,2049
498,-6.3187,2041
499,6.4391,2054
500,30.4566,2078
501,44.7937,2092
502,59.7134,2107
503,51.4495,2099
504,41.9999,2089
505,32.1268,2080
506,18.5632,2066
507,-6.7552,2041
508,9.3348,2057
509,7.0337,2055
510,38.5799,2086
511,50.0386,2098
512,62.4781,2110
513,53.3386,2101
514,53.0224,2101
515,21.8961,2069
516,3.0994,2051
517,-2.0270,2045
518,-11.5165,2036
519,9.2369,2057
520,13.2762,2061
521,40.4715,2088
522,41.0933,2089
523,54.7868,2102
524,25.5576,2073
525,15.9751,2063
526,-6.8182,2041
527,-5.2797,2042
528,-22.0394,2025
529,-5.0912,2042
530,16.6100,2064
531,23.3354,2071
532,36.5557,2084
533,44.3150,2092
534,23.8195,2071
535,9.8378,2057
536,-12.4879,2035
537,-18.4186,2029
538,-28.9855,2019
539,-6.3839,2041
540,3.4274,2051
541,14.5166,2062
542,21.9510,2069
543,36.3721,2084
544,10.7813,2058
545,1.1429,2049
546,-25.2062,2022
547,-20.5296,2027
548,-36.0647,2011
549,-11.6118,2036
550,-7.5345,2040
551,22.2302,2070
552,37.5447,2085
553,35.0436,2083
554,20.9255,2068
555,1.1475,2049
556,-19.9582,2028
557,-27.4603,2020
558,-15.8008,2032
559,-3.7847,2044
560,4.8186,2052
561,29.0694,2077
562,41.8255,2089
563,45.7174,2093
564,30.3394,2078
565,6.0466,2054
566,-12.6315,2035
567,-11.5679,2036
568,-12.6057,2035
569,-2.9517,2045
570,9.4240,2057
571,38.9790,2086
572,42.5707,2090
573,43.8309,2091
574,39.3523,2087
575,30.2928,2078
576,11.5801,2059
577,-1.4548,2046
578,2.3453,2050
579,6.7758,2054
580,35.4698,2083
581,52.4877,2100
582,48.6903,2096
583,63.3116,2111
584,48.5494,2096
585,22.5654,2070
586,16.4927,2064
587,-2.7352,2045
588,-8.5550,2039
589,14.0336,2062
590,23.2684,2071
591,44.6140,2092
592,52.5385,2100
593,64.6805,2112
594,50.4425,2098
595,23.9909,2071
596,10.4658,2058
597,3.6053,2051
598,5.1766,2053
599,8.1856,2056
600,27.2747,2075
601,49.7141,2097
602,43.1740,2091
603,46.4983,2094
604,40.4934,2088
605,20.5284,2068
606,-6.4541,2041
607,-4.1112,2043
608,-9.4745,2038
609,-4.9367,2043
610,8.3473,2056
611,31.0486,2079
612,44.8382,2092
613,45.3601,2093
614,33.8208,2081
615,14.9904,2062
616,-10.3915,2037
617,-30.5824,2017
618,-30.2152,2017
619,-12.8842,2035
620,7.4525,2055
621,27.8627,2075
622,29.4163,2077
623,29.7529,2077
624,14.4751,2062
625,-5.4519,2042
626,-20.0906,2027
627,-30.5039,2017
628,-27.7298,2020
629,-21.5673,2026
630,9.8207,2057
631,13.0977,2061
632,35.5265,2083
633,22.9426,2070
634,12.5434,2060
635,-7.3115,2040
636,-18.4899,2029
637,-27.0602,2020
638,-14.8641,2033
639,-21.5066,2026
640,3.8437,2051
641,30.8477,2078
642,30.3630,2078
643,32.0206,2080
644,32.0141,2080
645,13.9000,2061
646,-12.5921,2035
647,-8.9354,2039
648,-8.1730,2039
649,5.4872,2053
650,14.4766,2062
651,26.8524,2074
652,53.2716,2101
653,55.7661,2103
654,30.7282,2078
655,24.5144,2072
656,7.4543,2055
657,-5.1223,2042
658,6.7415,2054
659,0.8397,2048
660,22.4061,2070
661,45.3006,2093
662,53.9833,2101
663,59.2880,2107
664,40.4123,2088
665,20.5153,2068
666,14.7310,2062
667,1.1936,2049
668,0.2648,2048
669,4.5441,2052
670,20.8669,2068
671,44.1021,2092
672,66.1137,2114
673,62.5404,2110
674,47.1845,2095
675,20.8115,2068
676,17.5612,2065
677,1.7710,2049
678,6.0087,2054
679,1.0790,2049
680,15.2231,2063
681,47.3125,2095
682,45.2164,2093
683,56.1788,2104
684,31.2052,2079
685,15.0648,2063
686,8.9000,2056
687,-6.9468,2041
688,-17.7061,2030
689,5.4289,2053
690,20.5028,2068
691,30.3859,2078
692,38.1517,2086
693,43.2431,2091
694,19.2666,2067
695,0.3927,2048
696,-5.0388,2042
697,-17.2855,2030
698,-21.1786,2026
699,-8.5130,2039
700,10.9535,2058
701,14.0890,2062
702,22.5637,2070
703,26.4188,2074
704,27.4567,2075
705,-5.9570,2042
706,-18.0843,2029
707,-31.3874,2016
708,-31.1036,2016
709,-9.4314,2038
710,0.6665,2048
711,16.4541,2064
712,33.5946,2081
713,24.9250,2072
714,13.8427,2061
715,9.9075,2057
716,-23.3477,2024
717,-31.9909,2016
718,-31.4632,2016
719,-15.9698,2032
720,7.9229,2055
721,24.8739,2072
722,43.7419,2091
723,38.3584,2086
724,22.9177,2070
725,1.1765,2049
726,-1.9377,2046
727,-13.6954,2034
728,-18.1405,2029
729,4.3201,2052
730,23.9164,2071
731,39.5050,2087
732,37.7454,2085
733,48.2670,2096
734,29.2633,2077
735,21.6900,2069
736,8.6765,2056
737,-14.2476,2033
738,3.0738,2051
739,-0.9642,2047
740,35.2706,2083
741,42.4374,2090
742,55.9963,2103
743,50.7809,2098
744,49.7884,2097
745,24.3772,2072
746,14.4805,2062
747,6.6320,2054
748,10.5932,2058
749,18.5630,2066
750,32.9771,2080
751,49.5020,2097
752,55.4019,2103
753,58.9151,2106
754,50.6442,2098
755,22.1532,2070
756,2.5815,2050
757,-2.7341,2045
758,-5.4259,2042
759,17.5104,2065
760,30.9164,2078
761,36.0615,2084
762,55.8150,2103
763,57.6211,2105
764,43.2849,2091
765,15.5766,2063
766,-1.7637,2046
767,-12.5929,2035
768,-5.1416,2042
769,2.3970,2050
770,24.0676,2072
771,26.9413,2074
772,43.2896,2091
773,38.9566,2086
774,27.5499,2075
775,4.8387,2052
776,-5.2363,2042
777,-28.9327,2019
778,-20.8813,2027
779,-18.2765,2029
780,3.5233,2051
781,15.7894,2063
782,37.5900,2085
783,27.5666,2075
784,15.5223,2063
785,-8.1749,2039
786,-16.1890,2031
787,-29.5808,2018
788,-18.7866,2029
789,-10.4053,2037
790,-1.9989,2046
791,23.2995,2071
792,30.5508,2078
793,31.3930,2079
794,20.8248,2068
795,7.8054,2055
796,-17.7284,2030
797,-26.6483,2021
798,-30.9939,2017
799,-19.1691,2028
800,8.8609,2056
801,17.3525,2065
802,35.5674,2083
803,32.7372,2080
804,20.0558,2068
805,10.6785,2058
806,-4.2628,2043
807,-17.6413,2030
808,-11.7006,2036
809,1.3517,2049
810,18.7485,2066
811,27.3438,2075
812,35.9984,2083
813,37.5403,2085
814,37.7642,2085
815,17.2251,2065
816,-4.5475,2043
817,-4.0260,2043
818,-9.2521,2038
819,-1.8315,2046
820,34.8656,2082
821,37.8998,2085
822,62.3322,2110
823,47.7934,2095
824,42.6797,2090
825,38.3521,2086
826,19.7419,2067
827,6.1807,2054
828,10.8311,2058
829,5.2917,2053
830,30.3965,2078
831,51.8125,2099
832,66.2011,2114
833,60.0028,2108
834,38.2190,2086
835,21.0136,2069
836,4.1219,2052
837,-5.7144,2042
838,-9.3317,2038
839,6.8754,2054
840,15.9466,2063
841,48.3537,2096
842,44.5631,2092
843,52.4191,2100
844,46.1275,2094
845,14.0569,2062
846,0.1471,2048
847,-1.6568,2046
848,-15.3875,2032
849,2.5620,2050
850,15.0374,2063
851,26.7070,2074
852,49.2445,2097
853,36.8942,2084
854,25.0647,2073
855,4.3211,2052
856,-2.5902,2045
857,-15.7298,2032
858,-21.7285,2026
859,-5.9798,2042
860,12.9609,2060
861,22.5605,2070
862,31.8911,2079
863,27.3929,2075
864,12.2715,2060
865,2.8910,2050
866,-7.8066,2040
867,-21.6858,2026
868,-21.9798,2026
869,-26.8883,2021
870,-5.9706,2042
871,14.2354,2062
872,34.9972,2082
873,34.9498,2082
874,25.4925,2073
875,-6.2094,2041
876,-7.2277,2040
877,-31.8291,2016
878,-35.4517,2012
879,-20.2988,2027
880,12.0609,2060
881,22.2890,2070
882,43.2467,2091
883,31.1636,2079
884,21.6344,2069
885,14.4178,2062
886,-17.1596,2030
887,-25.1657,2022
888,-15.6464,2032
889,-13.4070,2034
890,22.7808,2070
891,42.3774,2090
892,47.0373,2095
893,55.1930,2103
894,42.6363,2090
895,24.7251,2072
896,3.7867,2051
897,-1.4507,2046
898,-14.0304,2033
899,13.4414,2061
900,20.9962,2068
901,49.4954,2097
902,48.9949,2096
903,58.7289,2106
904,47.8927,2095
905,30.2436,2078
906,17.5166,2065
907,-7.1582,2040
908,7.9797,2055
909,19.3283,2067
910,36.9248,2084
911,43.6298,2091
912,66.5095,2114
913,65.0012,2113
914,40.1057,2088
915,34.5852,2082
916,4.5802,2052
917,-5.9740,2042
918,7.8877,2055
919,4.7686,2052
920,22.3121,2070
921,41.3838,2089
922,48.6554,2096
923,60.7675,2108
924,38.1265,2086
925,24.2984,2072
926,-2.7719,2045
927,-9.7458,2038
928,-12.0520,2035
929,-4.0838,2043
930,23.2008,2071
931,27.4744,2075
932,35.0099,2083
933,42.8496,2090
934,37.4006,2085
935,6.0345,2054
936,-14.7074,2033
937,-15.6845,2032
938,-23.3257,2024
939,-10.2262,2037
940,-2.5424,2045
941,16.9981,2064
942,39.2624,2087
943,31.8946,2079
944,21.6978,2069
945,11.4407,2059
946,-20.7402,2027
947,-32.3029,2015
948,-24.0843,2023
949,-13.0804,2034
950,0.3459,2048
951,17.4631,2065
952,20.5335,2068
953,24.1960,2072
954,15.6506,2063
955,10.0592,2058
956,-9.2462,2038
957,-35.3292,2012
958,-18.2311,2029
959,-9.9554,2038
960,10.9316,2058
961,26.4912,2074
962,42.7841,2090
963,34.2428,2082
964,20.0617,2068
965,14.5964,2062
966,-4.0204,2043
967,-9.4617,2038
968,-16.7705,2031
969,-2.9536,2045
970,13.0215,2061
971,24.8092,2072
972,41.6699,2089
973,41.6319,2089
974,38.4900,2086
975,27.9977,2075
976,8.6866,2056
977,1.0830,2049
978,-1.6555,2046
979,-3.9368,2044
980,26.8724,2074
981,37.8261,2085
982,54.7900,2102
983,50.3920,2098
984,36.2276,2084
985,36.2565,2084
986,16.2092,2064
987,9.6164,2057
988,1.6397,2049
989,16.2768,2064
990,34.5608,2082
991,46.5561,2094
992,48.5276,2096
993,53.5100,2101
994,56.9034,2104
995,36.2733,2084
996,4.1534,2052
997,-4.1157,2043
998,6.4282,2054
999,4.5895,2052
1000,36.0066,2084
1001,41.1503,2089
1002,52.2859,2100
1003,50.4598,2098
1004,36.0737,2084
1005,25.0975,2073
1006,11.6695,2059
1007,-5.8656,2042
1008,-7.5408,2040
1009,3.6510,2051
1010,20.3532,2068
1011,38.8393,2086
1012,42.3779,2090
1013,36.2146,2084
1014,31.3566,2079
1015,12.1719,2060
1016,-4.1938,2043
1017,-12.2007,2035
1018,-9.8792,2038
1019,-16.4228,2031
1020,7.6134,2055
1021,28.0969,2076
1022,26.5002,2074
1023,23.8663,2071
1024,21.2004,2069
1025,5.4672,2053
1026,-7.5903,2040
1027,-24.4359,2023
1028,-19.3012,2028
1029,-12.5852,2035
1030,-2.2458,2045
1031,15.1802,2063
1032,30.3612,2078
1033,24.1334,2072
1034,21.8984,2069
1035,6.2161,2054
1036,-9.7756,2038
1037,-26.5455,2021
1038,-19.3311,2028
1039,-17.7347,2030
1040,6.2755,2054
1041,20.9620,2068
1042,35.1868,2083
1043,25.1807,2073
1044,26.7409,2074
1045,-0.3758,2047
1046,-8.2401,2039
1047,-13.7233,2034
1048,-19.0671,2028
1049,-14.8773,2033
1050,1.4747,2049
1051,21.4498,2069
1052,39.9021,2087
1053,46.8645,2094
1054,36.5285,2084
1055,25.0514,2073
1056,-2.8407,2045
1057,-8.2163,2039
1058,-17.1217,2030
1059,9.0383,2057
1060,28.4922,2076
1061,39.5015,2087
1062,45.5214,2093
1063,51.5858,2099
1064,47.6895,2095
1065,24.1908,2072
1066,14.0201,2062
1067,0.9081,2048
1068,-0.9857,2047
1069,13.5358,2061
1070,29.3091,2077
1071,40.1934,2088
1072,61.4541,2109
1073,51.3273,2099
1074,42.8124,2090
1075,37.0705,2085
1076,18.6409,2066
1077,-1.3420,2046
1078,4.2864,2052
1079,7.9285,2055
1080,28.4257,2076
1081,39.2429,2087
1082,63.8509,2111
1083,62.4895,2110
1084,50.5649,2098
1085,16.0425,2064
1086,1.8681,2049
1087,-1.6242,2046
1088,-4.4615,2043
1089,-0.4389,2047
1090,18.6894,2066
1091,44.5919,2092
1092,50.7425,2098
1093,36.7834,2084
1094,28.7213,2076
1095,22.9283,2070
1096,-5.6547,2042
1097,-16.4868,2031
1098,-17.5960,2030
1099,-0.1759,2047
1100,11.4152,2059
1101,25.6495,2073
1102,36.3988,2084
1103,30.1039,2078
1104,16.3706,2064
1105,10.5686,2058
1106,-10.7648,2037
1107,-24.8863,2023
1108,-21.6339,2026
1109,-18.6014,2029
1110,-0.3504,2047
1111,24.1888,2072
1112,30.8793,2078
1113,36.5612,2084
1114,12.2353,2060
1115,0.0645,2048
1116,-27.4182,2020
1117,-27.2751,2020
1118,-22.7467,2025
1119,-13.6349,2034
1120,0.0948,2048
1121,14.7061,2062
1122,33.2570,2081
1123,25.9828,2073
1124,29.8788,2077
1125,4.1016,2052
1126,-7.6152,2040
1127,-23.7439,2024
1128,-20.1283,2027
1129,-3.1744,2044
1130,16.9514,2064
1131,22.9034,2070
1132,37.7419,2085
1133,40.8972,2088
1134,23.3617,2071
1135,17.2897,2065
1136,5.8127,2053
1137,-5.1434,2042
1138,-5.8212,2042
1139,-4.8287,2043
1140,25.0673,2073
1141,32.7213,2080
1142,60.5948,2108
1143,48.9173,2096
1144,33.4847,2081
1145,29.8524,2077
1146,5.5543,2053
1147,-10.4815,2037
1148,4.5055,2052
1149,2.5103,2050
1150,22.7675,2070
1151,40.3397,2088
1152,64.8907,2112
1153,63.8542,2111
1154,55.0290,2103
1155,34.3793,2082
1156,16.8392,2064
1157,2.5438,2050
1158,3.2590,2051
1159,6.3866,2054
1160,25.1641,2073
1161,55.0616,2103
1162,65.1438,2113
1163,48.8539,2096
1164,41.7946,2089
1165,25.7352,2073
1166,1.8133,2049
1167,-0.4269,2047
1168,-0.2192,2047
1169,12.2425,2060
1170,27.2009,2075
1171,36.3279,2084
1172,37.4957,2085
1173,41.3475,2089
1174,29.0907,2077
1175,16.2949,2064
1176,5.2999,2053
1177,-14.3482,2033
1178,-15.0815,2032
1179,-12.8931,2035
1180,2.6624,2050
1181,31.4533,2079
1182,33.5523,2081
1183,24.8024,2072
1184,14.6098,2062
1185,10.1405,2058
1186,-19.0616,2028
1187,-19.2586,2028
1188,-18.6836,2029
1189,-18.1329,2029
1190,-7.3643,2040
1191,12.8863,2060
1192,26.4880,2074
1193,30.0804,2078
1194,26.2647,2074
1195,-3.7983,2044
1196,-25.5696,2022
1197,-34.3170,2013
1198,-37.0766,2010
1199,-8.8513,2039
1200,-6.2034,2041
1201,27.5260,2075
1202,28.4012,2076
1203,35.4541,2083
1204,15.4807,2063
1205,7.8415,2055
1206,-16.5341,2031
1207,-18.1170,2029
1208,-15.3483,2032
1209,-10.8335,2037
1210,18.2560,2066
1211,37.7798,2085
1212,34.7973,2082
1213,48.7377,2096
1214,32.1940,2080
1215,22.1232,2070
1216,2.2512,2050
1217,-14.8907,2033
1218,-6.3488,2041
1219,-6.1280,2041
1220,25.1999,2073
1221,35.2960,2083
1222,47.8150,2095
1223,54.7901,2102
1224,49.6150,2097
1225,31.2475,2079
1226,17.4157,2065
1227,-1.7469,2046
1228,8.9164,2056
1229,10.8015,2058
1230,26.5417,2074
1231,49.6009,2097
1232,56.4378,2104
1233,54.2895,2102
1234,54.7561,2102
1235,22.9953,2070
1236,12.1459,2060
1237,-5.6588,2042
1238,8.3449,2056
1239,17.9582,2065
1240,21.2220,2069
1241,42.9999,2091
1242,53.1613,2101
1243,63.3466,2111
1244,38.7593,2086
1245,33.3645,2081
1246,12.1055,2060
1247,-5.6801,2042
1248,-11.4223,2036
1249,3.0828,2051
1250,22.0808,2070
1251,36.6392,2084
1252,42.4318,2090
1253,44.3008,2092
1254,36.2547,2084
1255,18.2626,2066
1256,-9.5338,2038
1257,-14.5931,2033
1258,-23.9436,2024
1259,-2.7783,2045
1260,0.9451,2048
1261,17.2992,2065
1262,32.9558,2080
1263,45.1569,2093
1264,20.3082,2068
1265,-1.2199,2046
1266,-20.4877,2027
1267,-28.1562,2019
1268,-18.4558,2029
1269,-14.9825,2033
1270,5.3029,2053
1271,18.6708,2066
1272,36.5856,2084
1273,19.2892,2067
1274,15.1819,2063
1275,2.4299,2050
1276,-9.8319,2038
1277,-36.4686,2011
1278,-37.3177,2010
1279,-15.1800,2032
1280,-8.4197,2039
1281,11.0280,2059
1282,31.6220,2079
1283,26.5982,2074
1284,11.1530,2059
1285,-3.1545,2044
1286,-4.7956,2043
1287,-29.0364,2018
1288,-27.9208,2020
1289,-19.4545,2028
1290,6.7956,2054
1291,32.6846,2080
1292,41.0731,2089
1293,35.5917,2083
1294,35.8337,2083
1295,13.1536,2061
1296,-12.7171,2035
1297,-13.4516,2034
1298,-4.8962,2043
1299,8.1437,2056
1300,29.3005,2077
1301,38.4287,2086
1302,57.9893,2105
1303,58.4108,2106
1304,41.8886,2089
1305,19.7776,2067
1306,7.4103,2055
1307,6.5145,2054
1308,-4.3500,2043
1309,1.2108,2049
1310,19.6326,2067
1311,54.7731,2102
1312,51.0968,2099
1313,60.8363,2108
1314,41.5897,2089
1315,23.9205,2071
1316,18.3617,2066
1317,4.6472,2052
1318,10.1411,2058
1319,12.8439,2060
1320,23.9930,2071
1321,44.0558,2092
1322,53.7004,2101
1323,63.3646,2111
1324,38.4513,2086
1325,19.1291,2067
1326,4.5346,2052
1327,-9.9888,2038
1328,-12.4759,2035
1329,8.6803,2056
1330,23.5208,2071
1331,30.5188,2078
1332,52.5420,2100
1333,46.6359,2094
1334,44.6075,2092
1335,11.2263,2059
1336,2.2326,2050
1337,-5.0279,2042
1338,-11.3876,2036
1339,-3.6409,2044
1340,1.2585,2049
1341,32.7836,2080
1342,37.8025,2085
1343,40.5604,2088
1344,22.4635,2070
1345,0.8786,2048
1346,-14.0496,2033
1347,-19.9826,2028
1348,-16.9528,2031
1349,-7.1550,2040
1350,-2.5462,2045
1351,22.3386,2070
1352,35.1697,2083
1353,21.5868,2069
1354,17.9923,2065
1355,9.3489,2057
1356,-22.8032,2025
1357,-31.9308,2016
1358,-35.8691,2012
1359,-10.2204,2037
1360,10.2521,2058
1361,22.4124,2070
1362,38.5242,2086
1363,33.8201,2081
1364,12.8985,2060
1365,1.1165,2049
1366,-15.5916,2032
1367,-26.2973,2021
1368,-25.8405,2022
1369,-8.8265,2039
1370,16.7745,2064
1371,33.8227,2081
1372,35.5777,2083
1373,29.2682,2077
1374,21.6881,2069
1375,8.7951,2056
1376,-8.2834,2039
1377,-12.2201,2035
1378,-21.6572,2026
1379,3.7980,2051
1380,17.5737,2065
1381,43.7292,2091
1382,46.7225,2094
1383,45.1849,2093
1384,49.3083,2097
1385,21.6512,2069
1386,1.1401,2049
1387,1.3081,2049
1388,-7.0885,2040
1389,6.1449,2054
1390,29.2413,2077
1391,40.8636,2088
1392,58.4693,2106
1393,58.0946,2106
1394,46.1368,2094
1395,34.1569,2082
1396,11.4865,2059
1397,-0.7365,2047
1398,-6.3518,2041
1399,18.8407,2066
1400,20.2803,2068
1401,49.2296,2097
1402,52.5571,2100
1403,55.5028,2103
1404,38.8695,2086
1405,25.2207,2073
1406,13.8987,2061
1407,-3.7590,2044
1408,5.8149,2053
1409,2.6259,2050
1410,26.7182,2074
1411,48.7588,2096
1412,42.4212,2090
1413,50.1469,2098
1414,30.5437,2078
1415,19.9789,2067
1416,-0.8021,2047
1417,-4.4598,2043
1418,-17.6225,2030
1419,0.9151,2048
1420,17.9994,2065
1421,36.6988,2084
1422,39.0874,2087
1423,34.4074,2082
1424,34.4668,2082
1425,16.4344,2064
1426,-20.3491,2027
1427,-25.3439,2022
1428,-26.9797,2021
1429,-10.2512,2037
1430,7.8814,2055
1431,17.6897,2065
1432,36.8390,2084
1433,19.7720,2067
1434,24.8899,2072
1435,-9.6401,2038
1436,-9.0836,2038
1437,-36.7008,2011
1438,-19.3305,2028
1439,-19.5711,2028
1440,-1.9878,2046
1441,20.6860,2068
1442,26.3100,2074
1443,20.5216,2068
1444,23.9185,2071
1445,-6.5374,2041
1446,-11.9202,2036
1447,-30.2936,2017
1448,-23.9008,2024
1449,-12.5467,2035
1450,6.4010,2054
1451,20.8037,2068
1452,34.5165,2082
1453,28.5726,2076
1454,30.9654,2078
1455,18.6494,2066
1456,-14.6435,2033
1457,-19.7869,2028
1458,-7.8248,2040
1459,6.6357,2054
1460,16.6266,2064
1461,27.4021,2075
1462,54.8223,2102
1463,45.3176,2093
1464,41.4815,2089
1465,16.4705,2064
1466,2.2132,2050
1467,-3.3619,2044
1468,-7.4959,2040
1469,4.0048,2052
1470,35.7753,2083
1471,39.0722,2087
1472,55.3591,2103
1473,63.4674,2111
1474,41.3958,2089
1475,33.1019,2081
1476,19.5223,2067
1477,-0.8118,2047
1478,0.0633,2048
1479,9.9471,2057
1480,37.4749,2085
1481,56.1131,2104
1482,51.9287,2099
1483,63.5588,2111
1484,55.8057,2103
1485,35.2370,2083
1486,3.3901,2051
1487,-1.3965,2046
1488,0.0436,2048
1489,17.1167,2065
1490,33.2632,2081
1491,32.9559,2080
1492,41.8617,2089
1493,55.6261,2103
1494,36.2535,2084
1495,22.3154,2070
1496,9.9506,2057
1497,-16.6952,2031
1498,-8.4540,2039
1499,2.4809,2050
1500,13.9536,2061
1501,33.0378,2081
1502,49.0019,2097
1503,38.0915,2086
1504,25.9137,2073
1505,12.2380,2060
1506,-17.5963,2030
1507,-15.4444,2032
1508,-31.1403,2016
1509,-11.6784,2036
1510,8.7855,2056
1511,10.3179,2058
1512,31.1896,2079
1513,39.4413,2087
1514,15.0761,2063
1515,-8.7422,2039
1516,-20.2725,2027
1517,-28.1800,2019
1518,-37.1003,2010
1519,-8.0327,2039
1520,-0.1380,2047
1521,18.6449,2066
1522,31.1822,2079
1523,20.5081,2068
1524,15.6221,2063
1525,-7.7176,2040
1526,-20.3754,2027
1527,-18.8220,2029
1528,-29.2971,2018
1529,-3.8079,2044
1530,7.8828,2055
1531,20.4306,2068
1532,28.6974,2076
1533,38.7125,2086
1534,33.0696,2081
1535,3.1270,2051
1536,0.8124,2048
1537,-6.5466,2041
1538,-24.7924,2023
1539,6.6684,2054
1540,7.6641,2055
1541,30.6548,2078
1542,46.6949,2094
1543,40.6176,2088
1544,44.0143,2092
1545,18.4433,2066
1546,-1.7690,2046
1547,-12.0902,2035
1548,3.0340,2051
1549,12.7996,2060
1550,29.2347,2077
1551,51.8057,2099
1552,52.1680,2100
1553,51.9565,2099
1554,54.7675,2102
1555,22.3608,2070
1556,7.6671,2055
1557,5.0230,2053
1558,1.7880,2049
1559,4.1612,2052
1560,33.1793,2081
1561,40.5090,2088
1562,67.2124,2115
1563,54.5302,2102
1564,42.2625,2090
1565,33.7741,2081
1566,9.8077,2057
1567,-8.5051,2039
1568,-6.5932,2041
1569,-1.6525,2046
1570,27.5540,2075
1571,49.1010,2097
1572,47.6582,2095
1573,53.4671,2101
1574,28.9333,2076
1575,11.8249,2059
1576,10.8852,2058
1577,-17.3416,2030
1578,-6.6901,2041
1579,4.4497,2052
1580,13.3179,2061
1581,28.9924,2076
1582,34.7406,2082
1583,34.8061,2082
1584,21.1992,2069
1585,11.8848,2059
1586,-0.9927,2047
1587,-11.8890,2036
1588,-25.8400,2022
1589,-13.4370,2034
1590,-4.2380,2043
1591,21.6224,2069
1592,33.6193,2081
1593,21.1924,2069
1594,26.3470,2074
1595,-0.5554,2047
1596,-20.5741,2027
1597,-31.3690,2016
1598,-36.9798,2011
1599,-25.6018,2022
1600,-3.1975,2044
1601,21.4935,2069
1602,37.9421,2085
1603,21.9803,2069
1604,25.2096,2073
1605,10.3866,2058
1606,-21.1532,2026
1607,-19.8766,2028
1608,-22.6249,2025
1609,-13.8019,2034
1610,-2.3747,2045
1611,25.1124,2073
1612,33.3257,2081
1613,33.0931,2081
1614,33.2088,2081
1615,11.4329,2059
1616,-16.9114,2031
1617,-10.8917,2037
1618,-13.9524,2034
1619,3.7003,2051
1620,20.6969,2068
1621,27.6908,2075
1622,43.9465,2091
1623,55.4897,2103
1624,31.9132,2079
1625,16.1775,2064
1626,1.0052,2049
1627,-14.2709,2033
1628,-2.4948,2045
1629,5.3281,2053
1630,29.4278,2077
1631,53.0680,2101
1632,58.1002,2106
1633,59.3652,2107
1634,38.0558,2086
1635,18.7319,2066
1636,4.5254,2052
1637,8.3671,2056
1638,-1.9778,2046
1639,8.6858,2056
1640,37.9946,2085
1641,47.6161,2095
1642,67.0071,2115
1643,54.8132,2102
1644,44.8326,2092
1645,35.0308,2083
1646,19.7446,2067
1647,8.1115,2056
1648,-8.5017,2039
1649,9.9057,2057
1650,32.3831,2080
1651,41.5913,2089
1652,57.8037,2105
1653,46.4632,2094
1654,37.5717,2085
1655,21.5027,2069
1656,2.7964,2050
1657,-4.8068,2043
1658,-18.3364,2029
1659,2.2117,2050
1660,19.2886,2067
1661,38.3582,2086
1662,34.4969,2082
1663,47.3459,2095
1664,38.5121,2086
1665,15.3688,2063
1666,-11.7438,2036
1667,-27.8848,2020
1668,-18.8852,2029
1669,-7.9364,2040
1670,4.1971,2052
1671,13.1972,2061
1672,36.3236,2084
1673,39.4228,2087
1674,17.6982,2065
1675,-6.2876,2041
1676,-21.9856,2026
1677,-20.4705,2027
1678,-26.7687,2021
1679,-20.2785,2027
1680,8.6303,2056
1681,15.4357,2063
1682,34.7923,2082
1683,22.7413,2070
1684,10.8819,2058
1685,4.9710,2052
1686,-12.2503,2035
1687,-33.2533,2014
1688,-17.0787,2030
1689,-17.9300,2030
1690,10.2264,2058
1691,24.8517,2072
1692,37.2076,2085
1693,44.1213,2092
1694,14.7906,2062
1695,11.5723,2059
1696,-3.6085,2044
1697,-21.2143,2026
1698,-20.4963,2027
1699,2.9413,2050
1700,15.1323,2063
1701,28.9236,2076
1702,44.3859,2092
1703,41.5415,2089
1704,30.5864,2078
1705,27.4762,2075
1706,11.3362,2059
1707,-7.4970,2040
1708,-10.0758,2037
1709,5.8001,2053
1710,21.5577,2069
1711,37.4576,2085
1712,52.7605,2100
1713,59.0973,2107
1714,43.8668,2091
1715,29.2198,2077
1716,8.8962,2056
1717,3.8239,2051
1718,-4.0343,2043
1719,9.3199,2057
1720,30.5189,2078
1721,49.6280,2097
1722,58.9120,2106
1723,52.4076,2100
1724,48.7154,2096
1725,20.2005,2068
1726,18.7991,2066
1727,6.6471,2054
1728,-2.4867,2045
1729,3.9971,2051
1730,21.9455,2069
1731,53.0172,2101
1732,44.6935,2092
1733,48.2085,2096
1734,46.5671,2094
1735,17.9462,2065
1736,7.4743,2055
1737,-4.2971,2043
1738,-14.0023,2033
1739,9.9651,2057
1740,10.8534,2058
1741,35.9270,2083
1742,37.2617,2085
1743,43.9013,2091
1744,36.4504,2084
1745,4.2872,2052
1746,-4.2595,2043
1747,-25.0371,2022
1748,-14.2792,2033
1749,-2.3832,2045
1750,-1.9020,2046
1751,19.6377,2067
1752,33.2974,2081
1753,34.5269,2082
1754,11.9279,2059
1755,4.4638,2052
1756,-12.5155,2035
1757,-18.4843,2029
1758,-18.2688,2029
1759,-15.2697,2032
1760,3.7525,2051
1761,22.8674,2070
1762,20.3320,2068
1763,33.1915,2081
1764,8.4424,2056
1765,7.8436,2055
1766,-16.0607,2031
1767,-22.7497,2025
1768,-25.4552,2022
1769,-9.1833,2038
1770,-2.4997,2045
1771,17.0568,2065
1772,42.1484,2090
1773,32.6041,2080
1774,22.2188,2070
1775,13.1529,2061
1776,-17.0661,2030
1777,-27.5093,2020
1778,-17.2193,2030
1779,-6.8030,2041
1780,13.3696,2061
1781,34.5570,2082
1782,40.2183,2088
1783,46.3808,2094
1784,41.0378,2089
1785,16.7478,2064
1786,6.4376,2054
1787,-17.7643,2030
1788,-9.3016,2038
1789,9.2197,2057
1790,16.2294,2064
1791,43.7871,2091
1792,63.7526,2111
1793,49.1579,2097
1794,51.3983,2099
1795,28.6275,2076
1796,12.7840,2060
1797,8.1957,2056
1798,6.6225,2054
1799,16.0645,2064
1800,24.3490,2072
1801,38.1518,2086
1802,48.5261,2096
1803,52.5118,2100
1804,37.5121,2085
1805,28.0828,2076
1806,12.1685,2060
1807,-7.0972,2040
1808,-9.1499,2038
1809,1.8161,2049
1810,29.2367,2077
1811,45.9822,2093
1812,49.5216,2097
1813,62.4975,2110
1814,35.3151,2083
1815,24.9413,2072
1816,1.9136,2049
1817,0.7823,2048
1818,-6.2923,2041
1819,-3.2996,2044
1820,10.8069,2058
1821,39.0888,2087
1822,41.6301,2089
1823,46.0666,2094
1824,30.6087,2078
1825,6.4255,2054
1826,-12.5448,2035
1827,-26.7524,2021
1828,-17.0319,2030
1829,-19.7779,2028
1830,3.2579,2051
1831,30.7362,2078
1832,24.3391,2072
1833,29.3017,2077
1834,22.6322,2070
1835,3.8975,2051
1836,-20.1637,2027
1837,-35.0136,2012
1838,-23.8830,2024
1839,-20.7691,2027
1840,4.1648,2052
1841,13.3870,2061
1842,26.7638,2074
1843,27.7324,2075
1844,22.4927,2070
1845,1.8081,2049
1846,-26.1877,2021
1847,-35.7623,2012
1848,-37.1521,2010
1849,-12.9592,2035
1850,10.0475,2058
1851,23.9338,2071
1852,40.1521,2088
1853,28.1437,2076
1854,19.3004,2067
1855,3.7810,2051
1856,-0.6851,2047
1857,-29.3694,2018
1858,-29.3139,2018
1859,-4.9285,2043
1860,12.8256,2060
1861,26.5982,2074
1862,41.8503,2089
1863,45.6129,2093
1864,27.0759,2075
1865,8.5990,2056
1866,4.5092,2052
1867,0.3345,2048
1868,-4.1688,2043
1869,1.5897,2049
1870,18.2489,2066
1871,39.0586,2087
1872,46.6813,2094
1873,57.9494,2105
1874,50.8542,2098
1875,35.3585,2083
1876,15.9913,2063
1877,-1.9167,2046
1878,0.9933,2048
1879,8.1182,2056
1880,20.8933,2068
1881,45.9851,2093
1882,48.4492,2096
1883,58.5262,2106
1884,41.8156,2089
1885,36.8760,2084
1886,19.6535,2067
1887,-5.1279,2042
1888,8.5046,2056
1889,8.9529,2056
1890,24.8489,2072
1891,44.4730,2092
1892,50.2830,2098
1893,61.1251,2109
1894,45.0036,2093
1895,33.0821,2081
1896,4.1118,2052
1897,-10.1792,2037
1898,0.9859,2048
1899,5.2104,2053
1900,13.1387,2061
1901,29.6422,2077
1902,46.1942,2094
1903,41.8361,2089
1904,30.5737,2078
1905,21.7803,2069
1906,-9.4064,2038
1907,-23.0359,2024
1908,-21.7467,2026
1909,-1.7291,2046
1910,-0.5398,2047
1911,33.2926,2081
1912,40.4403,2088
1913,25.1421,2073
1914,20.6071,2068
1915,-6.1980,2041
1916,-15.9363,2032
1917,-19.6597,2028
1918,-32.6104,2015
1919,-9.1815,2038
1920,-4.3340,2043
1921,19.3996,2067
1922,25.6864,2073
1923,18.9642,2066
1924,26.0366,2074
1925,-0.3413,2047
1926,-8.2263,2039
1927,-20.8875,2027
1928,-31.7639,2016
1929,-18.4542,2029
1930,1.4722,2049
1931,20.0782,2068
1932,23.8262,2071
1933,33.3486,2081
1934,29.8439,2077
1935,6.0627,2054
1936,-11.8565,2036
1937,-16.9890,2031
1938,-24.7747,2023
1939,-2.0197,2045
1940,11.7032,2059
1941,36.6509,2084
1942,46.2912,2094
1943,39.6456,2087
1944,41.9076,2089
1945,10.0405,2058
1946,-2.6395,2045
1947,-1.3937,2046
1948,-18.0708,2029
1949,-4.2773,2043
1950,28.0220,2076
1951,46.6746,2094
1952,46.7522,2094
1953,56.8776,2104
1954,40.2450,2088
1955,19.2205,2067
1956,2.7221,2050
1957,5.8907,2053
1958,0.2808,2048
1959,20.8890,2068
1960,23.9533,2071
1961,47.9289,2095
1962,58.2806,2106
1963,55.6485,2103
1964,39.6282,2087
1965,38.3826,2086
1966,10.6465,2058
1967,2.7541,2050
1968,3.6738,2051
1969,6.0044,2054
1970,26.7855,2074
1971,39.8883,2087
1972,48.1721,2096
1973,59.0858,2107
1974,35.6305,2083
1975,27.1703,2075
1976,14.6561,2062
1977,-14.7841,2033
1978,-5.1742,2042
1979,3.0889,2051
1980,13.4489,2061
1981,44.5802,2092
1982,52.7462,2100
1983,43.1999,2091
1984,34.9415,2082
1985,7.9452,2055
1986,-13.0479,2034
1987,-11.2971,2036
1988,-27.2313,2020
1989,-15.4462,2032
1990,13.7092,2061
1991,31.0981,2079
1992,38.3966,2086
1993,39.8444,2087
1994,25.8475,2073
1995,9.3769,2057
1996,-10.4282,2037
1997,-23.6287,2024
1998,-29.6570,2018
1999,-19.5093,2028
2000,-1.7459,2046
2001,13.7010,2061
2002,20.1002,2068
2003,38.4880,2086
2004,27.0686,2075
2005,-6.8001,2041
2006,-15.5723,2032
2007,-30.5255,2017
2008,-24.0894,2023
2009,-13.4653,2034
2010,8.3739,2056
2011,26.5031,2074
2012,22.3737,2070
2013,34.8236,2082
2014,26.6488,2074
2015,7.6036,2055
2016,-15.1744,2032
2017,-25.3589,2022
2018,-12.7926,2035
2019,-12.0787,2035
2020,8.4055,2056
2021,21.7315,2069
2022,43.3469,2091
2023,33.4851,2081
2024,40.5428,2088
2025,11.6721,2059
2026,-3.6016,2044
2027,-17.9413,2030
2028,-1.1988,2046
2029,6.6220,2054
2030,20.5550,2068
2031,35.4475,2083
2032,41.5708,2089
2033,43.7479,2091
2034,38.1757,2086
2035,25.6109,2073
2036,3.5804,2051
2037,-3.1775,2044
2038,7.0882,2055
2039,9.9765,2057
2040,30.9239,2078
2041,51.9817,2099
2042,54.8249,2102
2043,62.0803,2110
2044,56.5498,2104
2045,32.5946,2080
2046,9.3491,2057
2047,-2.4531,2045
2048,1.3547,2049
2049,17.7737,2065
2050,23.0397,2071
2051,55.6214,2103
2052,46.5868,2094
2053,63.5752,2111
2054,46.5904,2094
2055,35.2005,2083
2056,12.3441,2060
2057,-14.0397,2033
2058,-12.3799,2035
2059,8.5289,2056
2060,16.9272,2064
2061,31.0874,2079
2062,48.0809,2096
2063,52.9513,2100
2064,29.5050,2077
2065,22.1131,2070
2066,-6.4828,2041
2067,-24.7414,2023
2068,-10.8929,2037
2069,-11.9301,2036
2070,9.7951,2057
2071,34.5472,2082
2072,36.6013,2084
2073,32.4006,2080
2074,25.5483,2073
2075,4.2213,2052
2076,-3.6529,2044
2077,-25.7233,2022
2078,-30.0253,2017
2079,-25.1582,2022
2080,-2.8732,2045
2081,18.4893,2066
2082,39.0006,2087
2083,24.5007,2072
2084,25.5884,2073
2085,-7.3679,2040
2086,-12.4335,2035
2087,-25.8736,2022
2088,-25.1265,2022
2089,-9.1931,2038
2090,7.5632,2055
2091,27.6089,2075
2092,31.9973,2079
2093,27.9710,2075
2094,25.7229,2073
2095,10.4087,2058
2096,-9.0304,2038
2097,-31.4761,2016
2098,-24.7629,2023
2099,-20.4993,2027
2100,14.9468,2062
2101,24.6377,2072
2102,46.8244,2094
2103,36.9414,2084
2104,35.1831,2083
2105,13.7008,2061
2106,3.4328,2051
2107,-17.3042,2030
2108,-11.3470,2036
2109,3.0942,2051
2110,15.0503,2063
2111,43.7802,2091
2112,52.9431,2100
2113,56.9669,2104
2114,42.8454,2090
2115,25.1382,2073
2116,6.5735,2054
2117,-5.5191,2042
2118,2.2191,2050
2119,2.1839,2050
2120,33.6075,2081
2121,37.3517,2085
2122,59.0801,2107
2123,55.2237,2103
2124,45.7809,2093
2125,26.7157,2074
2126,16.7579,2064
2127,4.4506,2052
2128,10.3486,2058
2129,4.0555,2052
2130,32.4087,2080
2131,43.0751,2091
2132,56.9222,2104
2133,47.9891,2095
2134,48.4823,2096
2135,31.9602,2079
2136,9.9704,2057
2137,-13.1505,2034
2138,-13.8353,2034
2139,7.7243,2055
2140,24.9670,2072
2141,45.3654,2093
2142,46.3904,2094
2143,43.0855,2091
2144,28.4604,2076
2145,26.0765,2074
2146,-5.3150,2042
2147,-12.3758,2035
2148,-19.1368,2028
2149,-4.5874,2043
2150,14.9115,2062
2151,19.0304,2067
2152,39.2503,2087
2153,31.8061,2079
2154,33.5075,2081
2155,-3.8775,2044
2156,-20.0119,2027
2157,-20.9473,2027
2158,-31.5200,2016
2159,-12.9259,2035
2160,-2.1189,2045
2161,16.1594,2064
2162,37.9890,2085
2163,25.4021,2073
2164,16.6011,2064
2165,-7.4412,2040
2166,-26.2007,2021
2167,-27.9312,2020
2168,-35.8740,2012
2169,-15.0296,2032
2170,-6.9574,2041
2171,13.9954,2061
2172,38.9032,2086
2173,30.3959,2078
2174,21.0704,2069
2175,-5.1136,2042
2176,-4.2249,2043
2177,-25.9343,2022
2178,-19.4809,2028
2179,-5.2690,2042
2180,16.1298,2064
2181,33.7791,2081
2182,45.5290,2093
2183,39.6188,2087
2184,32.8383,2080
2185,9.7445,2057
2186,-12.3346,2035
2187,-7.2722,2040
2188,-21.7084,2026
2189,-5.2540,2042
2190,27.3226,2075
2191,33.6822,2081
2192,41.8740,2089
2193,57.5386,2105
2194,43.0629,2091
2195,25.0076,2073
2196,7.1006,2055
2197,-8.3288,2039
2198,-10.3226,2037
2199,12.1116,2060
2200,25.2146,2073
2201,40.4385,2088
2202,65.8482,2113
2203,54.4782,2102
2204,42.3225,2090
2205,19.9463,2067
2206,11.2817,2059
2207,-3.5377,2044
2208,10.2512,2058
2209,15.4453,2063
2210,20.8903,2068
2211,54.8435,2102
2212,58.7763,2106
2213,56.5251,2104
2214,54.6956,2102
2215,22.6485,2070
2216,15.9330,2063
2217,-11.9242,2036
2218,-1.3471,2046
2219,4.6689,2052
2220,29.7588,2077
2221,41.0051,2089
2222,54.4680,2102
2223,48.3956,2096
2224,45.7941,2093
2225,26.0285,2074
2226,-9.7518,2038
2227,-13.6077,2034
2228,-10.7710,2037
2229,-0.8310,2047
2230,14.8479,2062
2231,19.5497,2067
2232,46.5361,2094
2233,29.0550,2077
2234,33.5129,2081
2235,10.4787,2058
2236,-9.5104,2038
2237,-26.5045,2021
2238,-15.7434,2032
2239,-13.2189,2034
2240,-7.0896,2040
2241,19.9141,2067
2242,28.8620,2076
2243,21.5905,2069
2244,18.5057,2066
2245,8.5719,2056
2246,-9.8772,2038
2247,-31.4966,2016
2248,-29.1307,2018
2249,-17.9762,2030
2250,5.2067,2053
2251,24.2714,2072
2252,30.4940,2078
2253,19.7017,2067
2254,15.0952,2063
2255,2.4341,2050
2256,-16.3502,2031
2257,-28.1272,2019
2258,-24.3384,2023
2259,-10.3851,2037
2260,-3.6396,2044
2261,27.5588,2075
2262,39.4702,2087
2263,36.3245,2084
2264,32.3180,2080
2265,12.3996,2060
2266,-12.8940,2035
2267,-18.2394,2029
2268,-15.2774,2032
2269,-0.4149,2047
2270,15.1747,2063
2271,45.1510,2093
2272,49.7725,2097
2273,46.2691,2094
2274,40.8342,2088
2275,14.6246,2062
2276,1.5698,2049
2277,-4.8017,2043
2278,6.2665,2054
2279,13.5699,2061
2280,35.7452,2083
2281,40.0452,2088
2282,57.9343,2105
2283,57.2468,2105
2284,41.7762,2089
2285,36.4910,2084
2286,12.7120,2060
2287,-4.8170,2043
2288,5.6617,2053
2289,13.3477,2061
2290,35.8827,2083
2291,42.1246,2090
2292,51.7430,2099
2293,66.7773,2114
2294,49.6267,2097
2295,26.8651,2074
2296,0.4182,2048
2297,-5.7647,2042
2298,-6.7208,2041
2299,6.7544,2054
2300,31.5033,2079
2301,45.0000,2093
2302,59.7062,2107
2303,48.8727,2096
2304,39.5027,2087
2305,19.5620,2067
2306,-7.9966,2040
2307,-4.4440,2043
2308,-3.2025,2044
2309,-12.0678,2035
2310,6.0046,2054
2311,28.6896,2076
2312,35.6511,2083
2313,32.7406,2080
2314,25.9615,2073
2315,-0.7195,2047
2316,-9.1507,2038
2317,-32.6036,2015
2318,-17.9012,2030
2319,-17.6416,2030
2320,-5.1822,2042
2321,21.9471,2069
2322,31.2168,2079
2323,35.8648,2083
2324,10.0942,2058
2325,5.0738,2053
2326,-12.2606,2035
2327,-36.3723,2011
2328,-38.0965,2009
2329,-26.8323,2021
2330,-8.3432,2039
2331,15.8358,2063
2332,24.1701,2072
2333,19.6924,2067
2334,26.0010,2074
2335,8.6594,2056
2336,-24.2051,2023
2337,-26.4519,2021
2338,-30.3305,2017
2339,-22.4421,2025
2340,5.4445,2053
2341,21.1896,2069
2342,25.8531,2073
2343,33.2665,2081
2344,18.8236,2066
2345,9.8766,2057
2346,2.1613,2050
2347,-12.1977,2035
2348,-24.8442,2023
2349,1.4177,2049
2350,16.0097,2064
2351,26.4029,2074
2352,53.0444,2101
2353,49.1672,2097
2354,45.5681,2093
2355,29.1957,2077
2356,0.5869,2048
2357,-2.5325,2045
2358,-3.8063,2044
2359,14.3633,2062
2360,19.8034,2067
2361,46.3753,2094
2362,50.7403,2098
2363,55.7322,2103
2364,39.1470,2087
2365,31.3443,2079
2366,18.2528,2066
2367,5.6143,2053
2368,-7.2176,2040
2369,13.7593,2061
2370,25.7848,2073
2371,39.7136,2087
2372,67.0233,2115
2373,53.9443,2101
2374,45.4813,2093
2375,29.9986,2077
2376,16.0308,2064
2377,-3.6766,2044
2378,-6.5612,2041
2379,13.9808,2061
2380,27.1950,2075
2381,37.5414,2085
2382,59.1017,2107
2383,49.1112,2097
2384,45.7793,2093
2385,15.2742,2063
2386,7.9370,2055
2387,-7.4918,2040
2388,-13.8394,2034
2389,-5.2990,2042
2390,14.1708,2062
2391,32.6462,2080
2392,39.5908,2087
2393,34.2565,2082
2394,28.6470,2076
2395,0.9328,2048
2396,-2.7449,2045
2397,-13.8465,2034
2398,-15.9996,2032
2399,-13.7988,2034
2400,3.3954,2051
2401,13.4577,2061
2402,32.2488,2080
2403,39.2183,2087
2404,17.5673,2065
2405,-8.9338,2039
2406,-16.9583,2031
2407,-34.1580,2013
2408,-20.5715,2027
2409,-22.0003,2025
2410,0.0013,2048
2411,17.4898,2065
2412,29.9333,2077
2413,26.3685,2074
2414,16.7908,2064
2415,-0.6346,2047
2416,-23.1766,2024
2417,-31.5031,2016
2418,-24.0544,2023
2419,-13.2378,2034
2420,-3.8121,2044
2421,24.4741,2072
2422,37.4835,2085
2423,36.4491,2084
2424,31.9615,2079
2425,2.9823,2050
2426,-14.1587,2033
2427,-23.5420,2024
2428,-14.0030,2033
2429,5.8481,2053
2430,17.4424,2065
2431,24.8416,2072
2432,48.2959,2096
2433,40.4392,2088
2434,46.8657,2094
2435,11.5266,2059
2436,7.9605,2055
2437,-15.7154,2032
2438,0.4634,2048
2439,-0.9094,2047
2440,21.1898,2069
2441,39.4331,2087
2442,47.8699,2095
2443,63.3373,2111
2444,39.2317,2087
2445,29.7080,2077
2446,17.3058,2065
2447,7.5550,2055
2448,7.0126,2055
2449,20.0799,2068
2450,27.3924,2075
2451,55.4152,2103
2452,57.8146,2105
2453,58.8251,2106
2454,56.0476,2104
2455,35.0496,2083
2456,5.7641,2053
2457,-8.2628,2039
2458,8.7270,2056
2459,15.9403,2063
2460,18.2178,2066
2461,35.6289,2083
2462,51.4454,2099
2463,47.1051,2095
2464,46.8174,2094
2465,19.7505,2067
2466,-0.9577,2047
2467,-17.9566,2030
2468,-1.2868,2046
2469,1.4653,2049
2470,9.3397,2057
2471,27.2096,2075
2472,40.1471,2088
2473,36.9959,2084
2474,31.3658,2079
2475,2.0183,2050
2476,-1.4959,2046
2477,-11.8388,2036
2478,-12.8419,2035
2479,-18.2955,2029
2480,2.0386,2050
2481,28.4325,2076
2482,33.5564,2081
2483,37.6514,2085
2484,17.1250,2065
2485,2.1359,2050
2486,-23.5690,2024
2487,-35.2561,2012
2488,-34.7575,2013
2489,-24.6746,2023
2490,9.6368,2057
2491,23.6316,2071
2492,34.5875,2082
2493,26.9329,2074
2494,9.2670,2057
2495,3.5590,2051
2496,-19.4700,2028
2497,-29.2769,2018
2498,-31.7062,2016
2499,-18.5612,2029
2500,3.9957,2051
2501,20.4177,2068
2502,25.5678,2073
2503,33.6796,2081
2504,19.7443,2067
2505,2.9266,2050
2506,-7.2558,2040
2507,-15.6642,2032
2508,-12.9470,2035
2509,-14.7104,2033
2510,19.6761,2067
2511,23.6743,2071
2512,51.5329,2099
2513,53.8903,2101
2514,43.7364,2091
2515,24.2274,2072
2516,1.6914,2049
2517,-5.7444,2042
2518,1.6807,2049
2519,8.1570,2056
2520,28.5169,2076
2521,40.6229,2088
2522,52.9257,2100
2523,45.8662,2093
2524,51.0364,2099
2525,27.7922,2075
2526,4.6758,2052
2527,3.8068,2051
2528,-1.4467,2046
2529,10.5099,2058
2530,29.9127,2077
2531,46.0260,2094
2532,65.3144,2113
2533,60.2155,2108
2534,54.9265,2102
2535,31.6155,2079
2536,8.4179,2056
2537,9.2705,2057
2538,-5.6604,2042
2539,1.0257,2049
2540,36.3771,2084
2541,44.8547,2092
2542,46.3325,2094
2543,49.8494,2097
2544,40.4107,2088
2545,23.1883,2071
2546,6.1217,2054
2547,-9.4483,2038
2548,-17.3516,2030
2549,-9.1819,2038
2550,18.3041,2066
2551,29.7784,2077
2552,41.1130,2089
2553,42.1533,2090
2554,37.1050,2085
2555,15.3340,2063
2556,2.1898,2050
2557,-28.7894,2019
2558,-12.8350,2035
2559,-2.9372,2045
2560,5.1388,2053
2561,20.4759,2068
2562,39.5343,2087
2563,38.3602,2086
2564,20.3581,2068
2565,6.4909,2054
2566,-17.4952,2030
2567,-20.2650,2027
2568,-24.2537,2023
2569,-23.4558,2024
2570,8.5594,2056
2571,11.2704,2059
2572,33.7324,2081
2573,29.9872,2077
2574,18.4344,2066
2575,5.4355,2053
2576,-14.2795,2033
2577,-34.3686,2013
2578,-33.0792,2014
2579,-20.4111,2027
2580,6.6728,2054
2581,26.6225,2074
2582,24.7114,2072
2583,25.5638,2073
2584,29.7774,2077
2585,16.1093,2064
2586,-13.1146,2034
2587,-23.1569,2024
2588,-28.2689,2019
2589,-11.8538,2036
2590,6.5217,2054
2591,30.5047,2078
2592,35.9663,2083
2593,45.7285,2093
2594,30.5898,2078
2595,21.0979,2069
2596,-2.6113,2045
2597,-13.2134,2034
2598,-6.9495,2041
2599,4.5744,2052
2600,22.3863,2070
2601,50.9465,2098
2602,47.5149,2095
2603,59.1226,2107
2604,35.3646,2083
2605,32.0000,2080
2606,9.9598,2057
2607,3.5739,2051
2608,-1.5950,2046
2609,5.6506,2053
2610,38.3426,2086
2611,39.3487,2087
2612,58.1244,2106
2613,59.3145,2107
2614,51.5162,2099
2615,25.2976,2073
2616,11.7834,2059
2617,1.5212,2049
2618,1.8718,2049
2619,10.4382,2058
2620,23.2651,2071
2621,40.6137,2088
2622,54.1567,2102
2623,52.1359,2100
2624,49.5531,2097
2625,28.7851,2076
2626,-4.0405,2043
2627,-3.5719,2044
2628,-7.4428,2040
2629,-6.8504,2041
2630,21.8570,2069
2631,44.1427,2092
2632,34.8817,2082
2633,50.5186,2098
2634,35.0578,2083
2635,3.6731,2051
2636,-14.2913,2033
2637,-14.7032,2033
2638,-24.3850,2023
2639,-19.1326,2028
2640,4.8974,2052
2641,27.7797,2075
2642,36.3766,2084
2643,40.3379,2088
2644,16.2656,2064
2645,9.9242,2057
2646,-22.3367,2025
2647,-21.7906,2026
2648,-29.2630,2018
2649,-21.5542,2026
2650,5.9756,2053
2651,12.1969,2060
2652,30.3682,2078
2653,23.7320,2071
2654,20.6887,2068
2655,9.9966,2057
2656,-26.3996,2021
2657,-33.1774,2014
2658,-23.9712,2024
2659,-14.3834,2033
2660,-1.3804,2046
2661,28.0998,2076
2662,23.7194,2071
2663,40.3082,2088
2664,28.0615,2076
2665,2.1398,2050
2666,-1.7316,2046
2667,-22.6152,2025
2668,-19.1621,2028
2669,-2.9753,2045
2670,9.7746,2057
2671,38.5463,2086
2672,40.9996,2088
2673,34.5613,2082
2674,39.6245,2087
2675,11.5484,2059
2676,9.2565,2057
2677,-9.3150,2038
2678,1.5817,2049
2679,11.1458,2059
2680,18.1998,2066
2681,46.4156,2094
2682,44.8411,2092
2683,61.3111,2109
2684,34.2233,2082
2685,22.1277,2070
2686,7.5638,2055
2687,1.2589,2049
2688,-0.0280,2047
2689,13.1034,2061
2690,33.0830,2081
2691,53.5750,2101
2692,57.6435,2105
2693,54.1237,2102
2694,41.6186,2089
2695,34.6831,2082
2696,13.6615,2061
2697,-6.3132,2041
2698,-6.6774,2041
2699,13.3713,2061
2700,25.8774,2073
2701,46.2984,2094
2702,56.1149,2104
2703,51.5604,2099
2704,35.8422,2083
2705,21.1272,2069
2706,7.1523,2055
2707,-4.1341,2043
2708,-10.1671,2037
2709,-5.9414,2042
2710,18.3913,2066
2711,38.4926,2086
2712,52.0456,2100
2713,45.2867,2093
2714,22.8231,2070
2715,10.8327,2058
2716,-8.7549,2039
2717,-18.9868,2029
2718,-18.8981,2029
2719,-2.0823,2045
2720,-2.0949,2045
2721,28.1384,2076
2722,27.6802,2075
2723,32.7812,2080
2724,21.6433,2069
2725,0.8357,2048
2726,-20.7029,2027
2727,-24.6345,2023
2728,-36.3888,2011
2729,-9.1628,2038
2730,-5.1193,2042
2731,16.4135,2064
2732,27.2938,2075
2733,33.5679,2081
2734,23.0337,2071
2735,-7.9452,2040
2736,-15.0343,2032
2737,-20.9009,2027
2738,-23.7792,2024
2739,-7.0747,2040
2740,10.2477,2058
2741,13.2506,2061
2742,33.5955,2081
2743,27.7161,2075
2744,16.8050,2064
2745,-1.3760,2046
2746,-8.2980,2039
2747,-19.8318,2028
2748,-18.6198,2029
2749,-5.2711,2042
2750,18.8534,2066
2751,30.8031,2078
2752,48.2397,2096
2753,33.9942,2081
2754,33.8561,2081
2755,12.9858,2060
2756,-1.2903,2046
2757,-14.2443,2033
2758,-0.1194,2047
2759,-6.7260,2041
2760,14.9746,2062
2761,33.4326,2081
2762,61.3097,2109
2763,45.6376,2093
2764,51.4112,2099
2765,30.9832,2078
2766,3.8941,2051
2767,-9.7372,2038
2768,1.6560,2049
2769,19.8704,2067
2770,19.7318,2067
2771,38.3149,2086
2772,60.8721,2108
2773,51.8432,2099
2774,44.4272,2092
2775,27.7820,2075
2776,9.0505,2057
2777,1.5648,2049
2778,0.6881,2048
2779,20.0250,2068
2780,22.2068,2070
2781,44.1132,2092
2782,46.8018,2094
2783,46.3182,2094
2784,34.4662,2082
2785,17.8126,2065
2786,15.0943,2063
2787,-14.7398,2033
2788,-7.3293,2040
2789,11.1354,2059
2790,11.0968,2059
2791,39.0267,2087
2792,47.7979,2095
2793,35.6502,2083
2794,28.5940,2076
2795,14.1979,2062
2796,-8.7991,2039
2797,-16.2457,2031
2798,-16.5812,2031
2799,-9.7951,2038
2800,18.1596,2066
2801,17.3434,2065
2802,34.4399,2082
2803,26.6848,2074
2804,17.8867,2065
2805,10.2135,2058
2806,-23.7947,2024
2807,-33.3988,2014
2808,-30.0320,2017
2809,-15.6869,2032
2810,2.4725,2050
2811,8.9159,2056
2812,28.1104,2076
2813,30.8946,2078
2814,19.6726,2067
2815,0.0001,2048
2816,-22.1792,2025
2817,-27.9349,2020
2818,-27.5020,2020
2819,-12.6821,2035
2820,-0.8431,2047
2821,20.6788,2068
2822,37.5463,2085
2823,30.9921,2078
2824,13.2128,2061
2825,-3.4324,2044
2826,-12.8134,2035
2827,-25.0004,2022
2828,-28.8369,2019
2829,-8.7284,2039
2830,14.5610,2062
2831,30.0818,2078
2832,42.4962,2090
2833,45.8353,2093
2834,26.0887,2074
2835,13.2207,2061
2836,-0.8527,2047
2837,-16.1935,2031
2838,-9.4497,2038
2839,-0.4281,2047
2840,26.1059,2074
2841,42.0035,2090
2842,49.5260,2097
2843,47.1055,2095
2844,47.5332,2095
2845,15.7742,2063
2846,3.9463,2051
2847,-10.8097,2037
2848,-0.1399,2047
2849,16.5512,2064
2850,33.6985,2081
2851,45.9670,2093
2852,66.0100,2114
2853,60.2710,2108
2854,56.3447,2104
2855,19.9901,2067
2856,6.9521,2054
2857,-0.2464,2047
2858,9.1661,2057
2859,19.3875,2067
2860,38.2572,2086
2861,40.0457,2088
2862,56.4130,2104
2863,48.4044,2096
2864,53.0232,2101
2865,21.0325,2069
2866,8.3828,2056
2867,-4.5989,2043
2868,-4.9362,2043
2869,6.7707,2054
2870,28.7735,2076
2871,44.3351,2092
2872,42.5316,2090
2873,42.4034,2090
2874,36.3569,2084
2875,6.1655,2054
2876,3.5695,2051
2877,-7.8895,2040
2878,-25.0410,2022
2879,-9.0778,2038
2880,13.4436,2061
2881,23.3943,2071
2882,33.6477,2081
2883,27.2446,2075
2884,22.7903,2070
2885,1.0569,2049
2886,-21.6194,2026
2887,-21.2900,2026
2888,-30.7958,2017
2889,-15.3294,2032
2890,2.9453,2050
2891,23.3080,2071
2892,33.2158,2081
2893,30.5124,2078
2894,24.7994,2072
2895,2.8364,2050
2896,-11.0334,2036
2897,-30.6779,2017
2898,-25.5352,2022
2899,-10.0030,2037
2900,1.1463,2049
2901,9.3882,2057
2902,33.7747,2081
2903,35.9429,2083
2904,16.8928,2064
2905,-1.0243,2046
2906,-17.2694,2030
2907,-19.9154,2028
2908,-19.2049,2028
2909,-13.1409,2034
2910,-1.0960,2046
2911,23.3865,2071
2912,42.9748,2090
2913,48.2915,2096
2914,38.9325,2086
2915,7.0533,2055
2916,2.1788,2050
2917,-11.5557,2036
2918,-13.7987,2034
2919,-9.3569,2038
2920,10.8039,2058
2921,37.5313,2085
2922,54.6964,2102
2923,56.5213,2104
2924,42.6033,2090
2925,26.2988,2074
2926,16.3337,2064
2927,6.0455,2054
2928,-1.6125,2046
2929,11.3551,2059
2930,33.7822,2081
2931,36.7302,2084
2932,59.6614,2107
2933,57.4094,2105
2934,43.5719,2091
2935,28.7108,2076
2936,7.5598,2055
2937,3.6521,2051
2938,-6.4462,2041
2939,20.4654,2068
2940,39.0224,2087
2941,50.2956,2098
2942,62.5438,2110
2943,50.8149,2098
2944,47.1087,2095
2945,30.9929,2078
2946,16.4062,2064
2947,4.0866,2052
2948,1.6051,2049
2949,11.7669,2059
2950,29.8116,2077
2951,46.2116,2094
2952,54.6389,2102
2953,40.3366,2088
2954,38.3084,2086
2955,14.1324,2062
2956,-7.0628,2040
2957,-22.1241,2025
2958,-19.4843,2028
2959,-0.5400,2047
2960,14.3609,2062
2961,29.4818,2077
2962,33.2974,2081
2963,31.8521,2079
2964,26.1487,2074
2965,7.9606,2055
2966,-8.3725,2039
2967,-17.5110,2030
2968,-20.4863,2027
2969,-17.8965,2030
2970,-2.0930,2045
2971,13.9846,2061
2972,20.2080,2068
2973,30.8178,2078
2974,17.0162,2065
2975,-6.8366,2041
2976,-11.1936,2036
2977,-20.9314,2027
2978,-37.8786,2010
2979,-15.2385,2032
2980,4.0259,2052
2981,16.7816,2064
2982,29.0842,2077
2983,20.1724,2068
2984,20.8437,2068
2985,5.2530,2053
2986,-16.8581,2031
2987,-27.9708,2020
2988,-19.1191,2028
2989,-18.1084,2029
2990,8.6850,2056
2991,23.3325,2071
2992,42.8822,2090
2993,46.1696,2094
2994,22.3885,2070
2995,9.2941,2057
2996,5.8116,2053
2997,-15.7227,2032
2998,-8.5605,2039
2999,3.8944,2051
3000,13.6714,2061
3001,37.2290,2085
3002,58.2269,2106
3003,56.4923,2104
3004,32.2186,2080
3005,32.3658,2080
3006,16.4581,2064
3007,5.2338,2053
3008,4.0427,2052
3009,9.8826,2057
3010,28.1857,2076
3011,36.2134,2084
3012,56.6281,2104
3013,58.0599,2106
3014,47.9095,2095
3015,30.7373,2078
3016,5.0766,2053
3017,9.6609,2057
3018,8.6523,2056
3019,9.8541,2057
3020,31.7000,2079
3021,45.8574,2093
3022,53.1931,2101
3023,64.7459,2112
3024,52.3216,2100
3025,26.4780,2074
3026,3.5626,2051
3027,-5.6900,2042
3028,-5.9094,2042
3029,5.5092,2053
3030,14.8047,2062
3031,43.0496,2091
3032,59.1149,2107
3033,49.8432,2097
3034,36.2444,2084
3035,9.2800,2057
3036,-0.8997,2047
3037,-3.3560,2044
3038,-13.9192,2034
3039,2.4170,2050
3040,2.7017,2050
3041,19.3965,2067
3042,36.1848,2084
3043,37.5024,2085
3044,26.5561,2074
3045,15.3229,2063
3046,-20.6686,2027
3047,-29.2667,2018
3048,-27.3076,2020
3049,-5.9863,2042
3050,-5.0568,2042
3051,28.7428,2076
3052,37.6848,2085
3053,27.4100,2075
3054,24.9186,2072
3055,-5.0158,2042
3056,-20.2690,2027
3057,-27.0939,2020
3058,-26.9325,2021
3059,-22.3812,2025
3060,-9.4061,2038
3061,21.0615,2069
3062,37.4764,2085
3063,29.6819,2077
3064,13.2721,2061
3065,10.2076,2058
3066,-23.1802,2024
3067,-30.5617,2017
3068,-16.5739,2031
3069,-10.8250,2037
3070,7.5178,2055
3071,32.7174,2080
3072,38.8238,2086
3073,46.6768,2094
3074,25.8666,2073
3075,14.9464,2062
3076,-7.1448,2040
3077,-5.4908,2042
3078,-15.5283,2032
3079,3.3297,2051
3080,15.3227,2063
3081,36.4999,2084
3082,42.5242,2090
3083,44.8223,2092
3084,37.9879,2085
3085,24.1808,2072
3086,6.3279,2054
3087,-7.4417,2040
3088,-9.9698,2038
3089,0.5349,2048
3090,28.7130,2076
3091,49.2166,2097
3092,52.1106,2100
3093,57.2258,2105
3094,51.1594,2099
3095,19.4745,2067
3096,10.1029,2058
3097,7.3776,2055
3098,6.2610,2054
3099,18.3526,2066
3100,27.4848,2075
3101,43.5345,2091
3102,62.1571,2110
3103,67.3956,2115
3104,52.0521,2100
3105,30.6874,2078
3106,3.6474,2051
3107,-7.9323,2040
3108,-0.2859,2047
3109,-0.0054,2047
3110,23.5434,2071
3111,41.8424,2089
3112,44.3522,2092
3113,53.7200,2101
3114,44.5517,2092
3115,21.6126,2069
3116,-3.9484,2044
3117,-4.1924,2043
3118,-3.7507,2044
3119,6.1864,2054
3120,13.4554,2061
3121,30.7373,2078
3122,42.9021,2090
3123,34.3895,2082
3124,27.8097,2075
3125,5.5305,2053
3126,-14.9066,2033
3127,-13.3621,2034
3128,-29.8626,2018
3129,-12.4091,2035
3130,-0.7462,2047
3131,11.9764,2059
3132,38.0420,2086
3133,20.0867,2068
3134,10.1140,2058
3135,-5.7138,2042
3136,-24.2515,2023
3137,-22.7645,2025
3138,-31.0919,2016
3139,-22.0332,2025
3140,8.0517,2056
3141,14.8298,2062
3142,35.3564,2083
3143,20.8764,2068
3144,9.7816,2057
3145,-4.9637,2043
3146,-21.0258,2026
3147,-18.6833,2029
3148,-23.5654,2024
3149,-9.4761,2038
3150,11.4046,2059
3151,15.1472,2063
3152,30.2100,2078
3153,46.4195,2094
3154,23.9764,2071
3155,16.0245,2064
3156,1.5114,2049
3157,-22.4486,2025
3158,-19.4949,2028
3159,-11.4348,2036
3160,20.5573,2068
3161,35.9541,2083
3162,39.7934,2087
3163,40.3188,2088
3164,29.7175,2077
3165,26.3532,2074
3166,0.9400,2048
3167,0.2252,2048
3168,-13.2465,2034
3169,1.5255,2049
3170,27.3681,2075
3171,43.7403,2091
3172,57.1133,2105
3173,54.5076,2102
3174,37.5264,2085
3175,21.5239,2069
3176,3.4398,2051
3177,-3.1951,2044
3178,10.7777,2058
3179,15.3571,2063
3180,39.3903,2087
3181,43.5224,2091
3182,62.6335,2110
3183,62.3576,2110
3184,42.4999,2090
3185,30.8211,2078
3186,1.0565,2049
3187,-7.4475,2040
3188,-5.5303,2042
3189,15.0181,2063
3190,30.6288,2078
3191,43.1814,2091
3192,60.1443,2108
3193,49.7567,2097
3194,42.8299,2090
3195,20.7194,2068
3196,5.5874,2053
3197,-10.2422,2037
3198,-15.9870,2032
3199,-6.6476,2041
3200,9.2254,2057
3201,37.8974,2085
3202,45.2418,2093
3203,35.7054,2083
3204,32.6966,2080
3205,14.7811,2062
3206,-0.9019,2047
3207,-14.8013,2033
3208,-20.7583,2027
3209,-4.3607,2043
3210,4.0309,2052
3211,12.8844,2060
3212,35.8794,2083
3213,35.4462,2083
3214,25.3876,2073
3215,-8.5176,2039
3216,-19.9422,2028
3217,-30.7474,2017
3218,-23.9640,2024
3219,-14.3972,2033
3220,-5.9961,2042
3221,7.8849,2055
3222,33.5247,2081
3223,21.1553,2069
3224,17.3751,2065
3225,-0.2504,2047
3226,-22.9995,2025
3227,-22.9301,2025
3228,-26.2850,2021
3229,-15.4688,2032
3230,12.9469,2060
3231,17.2373,2065
3232,40.6417,2088
3233,29.0051,2077
3234,16.5162,2064
3235,0.5352,2048
3236,1.7925,2049
3237,-7.5930,2040
3238,-7.8543,2040
3239,-12.4043,2035
3240,22.5939,2070
3241,42.1894,2090
3242,39.0428,2087
3243,49.1880,2097
3244,40.4165,2088
3245,20.4754,2068
3246,-2.8883,2045
3247,-5.1600,2042
3248,2.4218,2050
3249,4.8470,2052
3250,29.7515,2077
3251,45.5981,2093
3252,53.6382,2101
3253,55.3104,2103
3254,40.4047,2088
3255,26.2912,2074
3256,9.8918,2057
3257,-1.4594,2046
3258,-7.7973,2040
3259,20.0767,2068
3260,36.3902,2084
3261,47.6200,2095
3262,61.0219,2109
3263,51.0344,2099
3264,50.4654,2098
3265,32.4610,2080
3266,5.1864,2053
3267,-7.2371,2040
3268,1.9556,2049
3269,12.1689,2060
3270,20.8523,2068
3271,34.0692,2082
3272,54.4846,2102
3273,50.1508,2098
3274,34.0600,2082
3275,16.3981,2064
3276,10.8913,2058
3277,-1.7069,2046
3278,-4.6352,2043
3279,-4.4809,2043
3280,11.3908,2059
3281,32.4579,2080
3282,50.0007,2098
3283,44.6471,2092
3284,38.2164,2086
3285,2.6678,2050
3286,-6.8509,2041
3287,-12.3928,2035
3288,-21.1973,2026
3289,-18.4576,2029
3290,1.4768,2049
3291,29.0710,2077
3292,35.1893,2083
3293,40.2814,2088
3294,9.7520,2057
3295,8.5595,2056
3296,-23.7522,2024
3297,-23.2393,2024
3298,-37.9472,2010
3299,-11.6615,2036
3300,-2.3602,2045
3301,23.0308,2071
3302,25.9830,2073
3303,37.9236,2085
3304,11.6581,2059
3305,2.1399,2050
3306,-11.8865,2036
3307,-24.5024,2023
3308,-27.3323,2020
3309,-23.9923,2024
3310,12.1617,2060
3311,16.9775,2064
3312,25.1282,2073
3313,31.6371,2079
3314,23.9035,2071
3315,-0.9153,2047
3316,-8.7057,2039
3317,-27.3133,2020
3318,-17.5988,2030
3319,-4.5617,2043
3320,18.2275,2066
3321,38.6185,2086
3322,42.2824,2090
3323,43.4403,2091
3324,41.0805,2089
3325,27.5751,2075
3326,8.2437,2056
3327,1.2092,2049
3328,-3.1630,2044
3329,1.9139,2049
3330,18.8799,2066
3331,43.9820,2091
3332,46.2921,2094
3333,57.4338,2105
3334,45.4088,2093
3335,23.3754,2071
3336,14.8552,2062
3337,5.9897,2053
3338,-1.0593,2046
3339,5.0998,2053
3340,36.1027,2084
3341,44.2297,2092
3342,66.9177,2114
3343,66.2221,2114
3344,51.1373,2099
3345,27.2268,2075
3346,10.6366,2058
3347,4.0912,2052
3348,8.7637,2056
3349,18.6570,2066
3350,21.4120,2069
3351,47.6894,2095
3352,58.7683,2106
3353,45.6899,2093
3354,43.2543,2091
3355,13.2303,2061
3356,-5.2311,2042
3357,-10.5983,2037
3358,-0.3009,2047
3359,-5.3317,2042
3360,20.7514,2068
3361,37.2296,2085
3362,48.3657,2096
3363,47.4050,2095
3364,25.7535,2073
3365,17.1884,2065
3366,-6.5605,2041
3367,-9.7429,2038
3368,-19.1895,2028
3369,-1.4943,2046
3370,9.1868,2057
3371,20.3142,2068
3372,38.9711,2086
3373,33.5934,2081
3374,26.1855,2074
3375,-7.4858,2040
3376,-16.2717,2031
3377,-32.4444,2015
3378,-33.0384,2014
3379,-18.0447,2029
3380,4.5664,2052
3381,17.0735,2065
3382,21.7307,2069
3383,27.9830,2075
3384,20.0236,2068
3385,5.8238,2053
3386,-16.6951,2031
3387,-33.7905,2014
3388,-33.7030,2014
3389,-5.8357,2042
3390,0.8380,2048
3391,18.5913,2066
3392,36.4758,2084
3393,26.9247,2074
3394,26.9390,2074
3395,6.8659,2054
3396,-0.3601,2047
3397,-25.2046,2022
3398,-18.7182,2029
3399,-15.3075,2032
3400,16.2737,2064
3401,34.4555,2082
3402,52.5132,2100
3403,44.6770,2092
3404,40.1331,2088
3405,23.2480,2071
3406,-7.2631,2040
3407,-12.8605,2035
3408,-6.3951,2041
3409,0.9323,2048
3410,27.9430,2075
3411,37.1030,2085
3412,49.6797,2097
3413,62.2881,2110
3414,48.9365,2096
3415,26.1726,2074
3416,4.1385,2052
3417,5.3520,2053
3418,2.7886,2050
3419,19.0335,2067
3420,24.9323,2072
3421,37.7425,2085
3422,53.1225,2101
3423,67.3170,2115
3424,51.5261,2099
3425,37.5049,2085
3426,20.9953,2068
3427,-5.8605,2042
3428,2.4923,2050
3429,19.6689,2067
3430,22.2932,2070
3431,40.8425,2088
3432,57.1916,2105
3433,47.7728,2095
3434,38.9912,2086
3435,21.4250,2069
3436,4.2080,2052
3437,1.2752,2049
3438,-14.5944,2033
3439,-8.4012,2039
3440,12.5070,2060
3441,33.1908,2081
3442,39.3332,2087
3443,33.9694,2081
3444,37.7130,2085
3445,12.3323,2060
3446,-7.0466,2040
3447,-28.2539,2019
3448,-13.9368,2034
3449,-18.0876,2029
3450,14.3442,2062
3451,14.4233,2062
3452,36.0162,2084
3453,35.1755,2083
3454,21.2931,2069
3455,-0.8453,2047
3456,-15.3096,2032
3457,-27.5675,2020
3458,-37.0450,2010
3459,-13.7392,2034
3460,-1.0098,2046
3461,13.0011,2061
3462,28.5695,2076
3463,30.1308,2078
3464,27.2849,2075
3465,-2.4111,2045
3466,-17.2114,2030
3467,-18.1944,2029
3468,-31.5901,2016
3469,-12.2076,2035
3470,11.7882,2059
3471,11.2748,2059
3472,24.4855,2072
3473,38.0719,2086
3474,14.4228,2062
3475,5.4948,2053
3476,-4.9724,2043
3477,-19.4621,2028
3478,-19.6113,2028
3479,-15.8247,2032
3480,13.9274,2061
3481,27.2945,2075
3482,44.9481,2092
3483,48.7097,2096
3484,33.7731,2081
3485,10.0943,2058
3486,-7.5908,2040
3487,-8.3634,2039
3488,-15.2642,2032
3489,-3.7015,2044
3490,16.5543,2064
3491,33.1727,2081
3492,61.0019,2109
3493,57.8746,2105
3494,47.3864,2095
3495,25.1005,2073
3496,1.3302,2049
3497,3.8333,2051
3498,-2.0493,2045
3499,19.2854,2067
3500,27.4651,2075
3501,55.1648,2103
3502,67.0387,2115
3503,49.3234,2097
3504,41.0245,2089
3505,30.4864,2078
3506,12.2723,2060
3507,0.3023,2048
3508,-7.8596,2040
3509,11.3955,2059
3510,29.1056,2077
3511,39.7295,2087
3512,53.5459,2101
3513,58.9933,2106
3514,33.0776,2081
3515,32.7686,2080
3516,3.5956,2051
3517,-3.6898,2044
3518,-7.9202,2040
3519,3.5092,2051
3520,14.4369,2062
3521,29.5459,2077
3522,38.6977,2086
3523,48.1388,2096
3524,40.0818,2088
3525,20.2846,2068
3526,-13.3032,2034
3527,-17.5377,2030
3528,-17.4496,2030
3529,-18.4381,2029
3530,15.9575,2063
3531,23.9815,2071
3532,32.9215,2080
3533,40.2202,2088
3534,12.4770,2060
3535,-4.1306,2043
3536,-7.2755,2040
3537,-35.0066,2012
3538,-34.7649,2013
3539,-7.3411,2040
3540,-7.1045,2040
3541,11.8188,2059
3542,32.9013,2080
3543,28.9718,2076
3544,25.8309,2073
3545,-5.1489,2042
3546,-8.2391,2039
3547,-32.1140,2015
3548,-20.3956,2027
3549,-17.8981,2030
3550,-1.1764,2046
3551,22.8259,2070
3552,33.7649,2081
3553,32.4818,2080
3554,18.7718,2066
3555,-4.2146,2043
3556,-3.7420,2044
3557,-12.2758,2035
3558,-29.6660,2018
3559,0.6868,2048
3560,19.6034,2067
3561,37.7553,2085
3562,50.1886,2098
3563,50.5415,2098
3564,28.2018,2076
3565,25.7348,2073
3566,0.6617,2048
3567,-16.8946,2031
3568,-7.5691,2040
3569,6.2251,2054
3570,24.5274,2072
3571,34.5844,2082
3572,59.2666,2107
3573,50.3965,2098
3574,47.7742,2095
3575,31.5493,2079
3576,11.4572,2059
3577,3.2348,2051
3578,-8.7677,2039
3579,1.0457,2049
3580,32.3173,2080
3581,56.3038,2104
3582,61.4621,2109
3583,64.4388,2112
3584,47.4260,2095
3585,19.9850,2067
3586,9.2603,2057
3587,-1.2248,2046
3588,10.3010,2058
3589,9.4453,2057
3590,25.4314,2073
3591,44.9351,2092
3592,63.2302,2111
3593,51.3491,2099
3594,51.7019,2099
3595,18.4476,2066
3596,13.1383,2061
3597,-5.8976,2042
3598,0.9168,2048
3599,12.1817,2060
3600,13.1411,2061
3601,37.0818,2085
3602,39.4484,2087
3603,45.9033,2093
3604,31.4463,2079
3605,12.8467,2060
3606,-8.1500,2039
3607,-15.5957,2032
3608,-14.5324,2033
3609,0.4533,2048
3610,9.8066,2057
3611,21.5886,2069
3612,42.6834,2090
3613,38.9276,2086
3614,25.1261,2073
3615,11.6466,2059
3616,-9.7610,2038
3617,-16.3676,2031
3618,-31.4034,2016
3619,-21.8644,2026
3620,8.8948,2056
3621,20.3308,2068
3622,22.9231,2070
3623,33.9013,2081
3624,16.0739,2064
3625,-7.9959,2040
3626,-9.1829,2038
3627,-33.5430,2014
3628,-36.3145,2011
3629,-21.0987,2026
3630,4.9327,2052
3631,24.2547,2072
3632,36.7204,2084
3633,37.9631,2085
3634,16.5855,2064
3635,-1.6717,2046
3636,-17.6521,2030
3637,-30.6430,2017
3638,-16.6813,2031
3639,-1.9719,2046
3640,18.9163,2066
3641,33.8320,2081
3642,43.8446,2091
3643,38.5822,2086
3644,31.6375,2079
3645,11.1696,2059
3646,-6.7039,2041
3647,-6.2459,2041
3648,-3.9005,2044
3649,1.9248,2049
3650,30.0532,2078
3651,43.3502,2091
3652,53.6822,2101
3653,56.0629,2104
3654,41.4938,2089
3655,26.7374,2074
3656,4.9121,2052
3657,6.5580,2054
3658,-4.1685,2043
3659,8.7229,2056
3660,22.8841,2070
3661,37.3489,2085
3662,51.1962,2099
3663,58.8615,2106
3664,45.1366,2093
3665,39.1926,2087
3666,7.5519,2055
3667,3.9612,2051
3668,-7.8239,2040
3669,12.2040,2060
3670,19.6746,2067
3671,47.6669,2095
3672,53.0370,2101
3673,51.2333,2099
3674,53.4527,2101
3675,23.2718,2071
3676,9.2242,2057
3677,-10.1593,2037
3678,-12.6935,2035
3679,13.2152,2061
3680,16.0197,2064
3681,40.3860,2088
3682,50.5802,2098
3683,44.2531,2092
3684,31.0122,2079
3685,18.4104,2066
3686,-3.3812,2044
3687,-12.0375,2035
3688,-24.7904,2023
3689,-0.0251,2047
3690,11.6920,2059
3691,22.2440,2070
3692,33.8922,2081
3693,30.8898,2078
3694,20.2290,2068
3695,10.0965,2058
3696,-18.7765,2029
3697,-23.2568,2024
3698,-17.7660,2030
3699,-19.9005,2028
3700,-6.2288,2041
3701,17.9239,2065
3702,36.2334,2084
3703,37.9231,2085
3704,22.2077,2070
3705,-3.5593,2044
3706,-21.4361,2026
3707,-22.0820,2025
3708,-37.3426,2010
3709,-8.0187,2039
3710,5.7332,2053
3711,14.3708,2062
3712,31.7510,2079
3713,28.5183,2076
3714,14.2630,2062
3715,2.1428,2050
3716,-12.5082,2035
3717,-19.9544,2028
3718,-20.4480,2027
3719,-8.3822,2039
3720,-1.7428,2046
3721,30.7383,2078
3722,36.9257,2084
3723,37.4401,2085
3724,39.4820,2087
3725,18.5989,2066
3726,-10.2697,2037
3727,-18.6072,2029
3728,-4.2488,2043
3729,1.7918,2049
3730,9.5537,2057
3731,47.6887,2095
3732,40.4494,2088
3733,48.6757,2096
3734,40.1614,2088
3735,29.2628,2077
3736,2.2937,2050
3737,-6.5889,2041
3738,-0.4455,2047
3739,5.5264,2053
3740,23.1604,2071
3741,42.5084,2090
3742,49.2448,2097
3743,54.9971,2102
3744,41.7626,2089
3745,35.7020,2083
3746,8.3586,2056
3747,6.8546,2054
3748,0.5621,2048
3749,20.0751,2068
3750,37.4395,2085
3751,46.1102,2094
3752,49.7664,2097
3753,53.0391,2101
3754,42.5381,2090
3755,18.8292,2066
3756,-0.1584,2047
3757,-3.0752,2044
3758,2.4454,2050
3759,14.4091,2062
3760,13.8525,2061
3761,36.2637,2084
3762,47.4880,2095
3763,39.5867,2087
3764,30.9594,2078
3765,24.7769,2072
3766,-4.8103,2043
3767,-14.0730,2033
3768,-21.4341,2026
3769,2.9137,2050
3770,16.6142,2064
3771,36.7302,2084
3772,32.1438,2080
3773,34.0980,2082
3774,20.5929,2068
3775,15.4066,2063
3776,-19.1331,2028
3777,-31.6736,2016
3778,-20.2522,2027
3779,-21.6642,2026
3780,3.1292,2051
3781,22.2071,2070
3782,22.6284,2070
3783,32.8336,2080
3784,17.8254,2065
3785,0.7755,2048
3786,-11.7923,2036
3787,-27.3326,2020
3788,-27.2831,2020
3789,-24.6503,2023
3790,-9.3796,2038
3791,11.3650,2059
3792,29.6629,2077
3793,39.5492,2087
3794,25.0141,2073
3795,8.0198,2056
3796,-16.4939,2031
3797,-32.0061,2015
3798,-28.1583,2019
3799,-19.9506,2028
3800,-2.5598,2045
3801,26.6862,2074
3802,28.2332,2076
3803,44.1205,2092
3804,37.5361,2085
3805,19.4437,2067
3806,0.9660,2048
3807,-21.5763,2026
3808,-3.0124,2044
3809,-10.3544,2037
3810,13.6204,2061
3811,28.1819,2076
3812,42.5796,2090
3813,48.4445,2096
3814,44.9774,2092
3815,26.9238,2074
3816,6.2183,2054
3817,-2.6035,2045
3818,-7.7921,2040
3819,-0.1525,2047
3820,30.9568,2078
3821,51.1910,2099
3822,50.8054,2098
3823,61.4448,2109
3824,42.2934,2090
3825,38.5282,2086
3826,11.4684,2059
3827,4.2593,2052
3828,-7.5445,2040
3829,7.0628,2055
3830,34.1096,2082
3831,49.0681,2097
3832,63.4130,2111
3833,52.5678,2100
3834,43.1475,2091
3835,22.5072,2070
3836,11.9921,2059
3837,0.3466,2048
3838,-6.0708,2041
3839,-0.2538,2047
3840,26.6469,2074
3841,33.0968,2081
3842,44.1615,2092
3843,55.6918,2103
3844,28.6944,2076
3845,27.1314,2075
3846,-0.2508,2047
3847,-11.3041,2036
3848,-23.6687,2024
3849,-8.7260,2039
3850,14.3520,2062
3851,22.8461,2070
3852,39.8335,2087
3853,33.7490,2081
3854,33.6055,2081
3855,13.3636,2061
3856,-16.6233,2031
3857,-15.8278,2032
3858,-25.0706,2022
3859,-7.5536,2040
3860,-4.8276,2043
3861,23.7660,2071
3862,28.7078,2076
3863,37.8284,2085
3864,18.1378,2066
3865,-3.1998,2044
3866,-24.2637,2023
3867,-25.2899,2022
3868,-19.1329,2028
3869,-26.7860,2021
3870,6.3887,2054
3871,20.6518,2068
3872,33.4614,2081
3873,30.4633,2078
3874,29.0433,2077
3875,8.3778,2056
3876,-24.6101,2023
3877,-24.7950,2023
3878,-16.2094,2031
3879,-22.0648,2025
3880,2.2791,2050
3881,15.0700,2063
3882,41.5765,2089
3883,45.0282,2093
3884,24.4181,2072
3885,14.3039,2062
3886,-1.1953,2046
3887,-22.7422,2025
3888,-22.7789,2025
3889,1.8804,2049
3890,16.2671,2064
3891,29.2550,2077
3892,56.0742,2104
3893,56.7742,2104
3894,41.1420,2089
3895,30.9328,2078
3896,10.4858,2058
3897,-8.2826,2039
3898,-1.6088,2046
3899,12.5027,2060
3900,23.4847,2071
3901,53.3877,2101
3902,63.6831,2111
3903,58.6049,2106
3904,56.1423,2104
3905,26.8578,2074
3906,20.0937,2068
3907,11.1731,2059
3908,9.0602,2057
3909,18.3543,2066
3910,30.4904,2078
3911,51.5442,2099
3912,54.7721,2102
3913,53.2138,2101
3914,48.0713,2096
3915,22.1169,2070
3916,8.8768,2056
3917,4.4987,2052
3918,4.1489,2052
3919,7.6319,2055
3920,14.5905,2062
3921,36.8847,2084
3922,44.7979,2092
3923,58.3670,2106
3924,42.0036,2090
3925,25.2591,2073
3926,-2.0969,2045
3927,-12.9397,2035
3928,-20.8994,2027
3929,-3.5621,2044
3930,16.7063,2064
3931,38.7905,2086
3932,37.5511,2085
3933,29.2389,2077
3934,17.2545,2065
3935,15.5770,2063
3936,-12.6657,2035
3937,-13.9216,2034
3938,-16.0238,2031
3939,-7.1675,2040
3940,-1.5174,2046
3941,18.6089,2066
3942,31.0706,2079
3943,22.5100,2070
3944,12.9369,2060
3945,3.3062,2051
3946,-20.8392,2027
3947,-24.9565,2023
3948,-29.6895,2018
3949,-24.6369,2023
3950,3.8542,2051
3951,17.0210,2065
3952,27.7440,2075
3953,37.0595,2085
3954,26.7593,2074
3955,-5.5865,2042
3956,-21.2581,2026
3957,-30.3124,2017
3958,-33.1980,2014
3959,-17.3132,2030
3960,10.1646,2058
3961,28.7021,2076
3962,40.7670,2088
3963,39.7736,2087
3964,22.9293,2070
3965,16.1797,2064
3966,-5.5356,2042
3967,-11.9013,2036
3968,-19.9466,2028
3969,-4.4904,2043
3970,6.7091,2054
3971,25.3023,2073
3972,43.7424,2091
3973,49.2687,2097
3974,31.0727,2079
3975,22.7034,2070
3976,9.2958,2057
3977,-5.6172,2042
3978,0.9118,2048
3979,1.0904,2049
3980,18.9328,2066
3981,43.5143,2091
3982,58.6836,2106
3983,58.2818,2106
3984,53.4999,2101
3985,29.7069,2077
3986,6.6296,2054
3987,-7.4058,2040
3988,7.5716,2055
3989,8.9548,2056
3990,37.7882,2085
3991,39.1252,2087
3992,60.4435,2108
3993,51.3719,2099
3994,51.5184,2099
3995,37.0471,2085
3996,10.2794,2058
3997,-5.4185,2042
3998,-8.6967,2039
3999,13.4498,2061
4000,19.6698,2067
4001,46.4269,2094
4002,47.9871,2095
4003,52.4032,2100
4004,45.2679,2093
4005,19.3687,2067
4006,4.8379,2052
4007,-9.7902,2038
4008,-3.1370,2044
4009,-3.5962,2044
4010,18.6765,2066
4011,32.7455,2080
4012,38.4916,2086
4013,46.7557,2094
4014,20.9461,2068
4015,3.8254,2051
4016,-11.8527,2036
4017,-13.1586,2034
4018,-15.9150,2032
4019,-8.1223,2039
4020,9.6628,2057
4021,25.5257,2073
4022,27.7092,2075
4023,28.2730,2076
4024,17.6143,2065
4025,-7.7012,2040
4026,-10.5261,2037
4027,-19.9354,2028
4028,-21.1575,2026
4029,-17.5910,2030
4030,-6.3969,2041
4031,9.4802,2057
4032,23.1175,2071
4033,28.5444,2076
4034,11.9595,2059
4035,2.1233,2050
4036,-17.0225,2030
4037,-19.5559,2028
4038,-34.1144,2013
4039,-6.3029,2041
4040,9.9097,2057
4041,28.5946,2076
4042,34.0008,2082
4043,28.7612,2076
4044,28.4708,2076
4045,2.0916,2050
4046,1.1352,2049
4047,-16.2430,2031
4048,-24.7058,2023
4049,1.1468,2049
4050,20.5378,2068
4051,40.5370,2088
4052,35.7938,2083
4053,38.9387,2086
4054,41.9704,2089
4055,29.4276,2077
4056,7.6656,2055
4057,-14.0035,2033
4058,2.1777,2050
4059,8.0093,2056
4060,17.7210,2065
4061,45.1627,2093
4062,48.8053,2096
4063,63.2792,2111
4064,47.1802,2095
4065,25.6706,2073
4066,9.6719,2057
4067,-8.4741,2039
4068,5.5928,2053
4069,12.0703,2060
4070,38.3877,2086
4071,47.6158,2095
4072,64.4279,2112
4073,56.2449,2104
4074,40.6801,2088
4075,38.4869,2086
4076,12.0086,2060
4077,-8.2141,2039
4078,-10.2160,2037
4079,2.2004,2050
4080,24.0938,2072
4081,49.7065,2097
4082,42.9250,2090
4083,60.5914,2108
4084,39.5055,2087
4085,16.8457,2064
4086,10.3404,2058
4087,-15.8570,2032
4088,-12.9845,2035
4089,4.1702,2052
4090,20.4419,2068
4091,22.5149,2070
4092,48.6500,2096
4093,48.8982,2096
4094,36.2609,2084
4095,8.3177,2056
4096,-3.1970,2044
4097,-24.9495,2023
4098,-12.3536,2035
4099,-21.4167,2026
4100,1.1150,2049
4101,29.5068,2077
4102,22.6222,2070
4103,23.3116,2071
4104,25.7792,2073
4105,-4.0168,2043
4106,-14.7323,2033
4107,-30.6234,2017
4108,-21.1335,2026
4109,-14.6542,2033
4110,-9.3570,2038
4111,23.0360,2071
4112,18.5786,2066
4113,29.7179,2077
4114,22.0406,2070
4115,0.1245,2048
4116,-10.1058,2037
4117,-25.3235,2022
4118,-23.5594,2024
4119,-10.4231,2037
4120,10.5273,2058
4121,19.3406,2067
4122,38.2888,2086
4123,38.1953,2086
4124,30.4601,2078
4125,10.2325,2058
4126,-6.3533,2041
4127,-26.5622,2021
4128,-9.4466,2038
4129,-3.8138,2044
4130,5.5753,2053
4131,26.1726,2074
4132,43.6300,2091
4133,48.7892,2096
4134,42.2363,2090
4135,24.9257,2072
4136,10.3960,2058
4137,-8.8372,2039
4138,-2.8107,2045
4139,0.8771,2048
4140,25.8390,2073
4141,46.7436,2094
4142,45.2575,2093
4143,56.8024,2104
4144,39.9808,2087
4145,23.1441,2071
4146,2.0345,2050
4147,-8.0278,2039
4148,7.7268,2055
4149,15.8894,2063
4150,26.0962,2074
4151,51.4274,2099
4152,60.3196,2108
4153,49.2285,2097
4154,55.1480,2103
4155,37.4488,2085
4156,14.4489,2062
4157,0.3132,2048
4158,-0.2113,2047
4159,1.2848,2049
4160,18.4435,2066
4161,46.1238,2094
4162,59.4078,2107
4163,44.1309,2092
4164,36.6976,2084
4165,24.4759,2072
4166,10.8167,2058
4167,-4.5498,2043
4168,-8.4514,2039
4169,0.7189,2048
4170,16.0090,2064
4171,25.6808,2073
4172,37.4178,2085
4173,32.0540,2080
4174,33.8050,2081
4175,10.2396,2058
4176,-12.3115,2035
4177,-24.2952,2023
4178,-29.7436,2018
4179,-8.2511,2039
4180,15.0203,2063
4181,19.7529,2067
4182,29.0070,2077
4183,23.2268,2071
4184,18.4222,2066
4185,-3.8585,2044
4186,-16.2480,2031
4187,-26.0271,2021
4188,-33.2230,2014
4189,-27.2334,2020
4190,-6.6191,2041
4191,14.0768,2062
4192,21.3303,2069
4193,37.5768,2085
4194,25.8160,2073
4195,-1.1877,2046
4196,-25.5106,2022
4197,-22.4077,2025
4198,-24.5266,2023
4199,-22.8631,2025
4200,8.6069,2056
4201,23.1576,2071
4202,38.2392,2086
4203,23.6854,2071
4204,25.6923,2073
4205,6.2226,2054
4206,-0.2058,2047
4207,-21.8539,2026
4208,-23.5675,2024
4209,-5.5587,2042
4210,2.4220,2050
4211,35.4034,2083
4212,51.0607,2099
4213,40.6255,2088
4214,40.2824,2088
4215,24.3976,2072
4216,-7.5121,2040
4217,-2.3086,2045
4218,1.1580,2049
4219,0.2870,2048
4220,29.2997,2077
4221,33.4681,2081
4222,46.0396,2094
4223,63.4536,2111
4224,45.2995,2093
4225,17.9449,2065
4226,18.1141,2066
4227,-7.0693,2040
4228,-3.6292,2044
4229,2.4192,2050
4230,35.5218,2083
4231,39.1361,2087
4232,61.1205,2109
4233,59.7194,2107
4234,49.5328,2097
4235,34.7083,2082
4236,12.6098,2060
4237,-7.4425,2040
4238,-7.0842,2040
4239,16.0876,2064
4240,30.3211,2078
4241,37.2795,2085
4242,54.6263,2102
4243,54.4131,2102
4244,51.6322,2099
4245,29.4685,2077
4246,12.2538,2060
4247,-6.2778,2041
4248,-6.3462,2041
4249,7.2539,2055
4250,14.7570,2062
4251,32.2416,2080
4252,41.7870,2089
4253,42.2214,2090
4254,37.9651,2085
4255,11.1766,2059
4256,3.4040,2051
4257,-13.8047,2034
4258,-17.8891,2030
4259,-14.0424,2033
4260,2.5873,2050
4261,21.0646,2069
4262,41.4549,2089
4263,41.0118,2089
4264,20.3330,2068
4265,2.5853,2050
4266,-21.8886,2026
4267,-36.9440,2011
4268,-25.6258,2022
4269,-20.5182,2027
4270,6.2015,2054
4271,12.4085,2060
4272,38.3754,2086
4273,24.3308,2072
4274,13.4813,2061
4275,9.5814,2057
4276,-25.4230,2022
4277,-34.6102,2013
4278,-36.8101,2011
4279,-22.0315,2025
4280,1.3682,2049
4281,17.6381,2065
4282,33.6519,2081
4283,39.4334,2087
4284,19.3842,2067
4285,15.0612,2063
4286,-15.2217,2032
4287,-24.1078,2023
4288,-25.4591,2022
4289,-10.0747,2037
4290,3.8765,2051
4291,29.6430,2077
4292,37.4959,2085
4293,33.6581,2081
4294,41.7219,2089
4295,21.6432,2069
4296,-8.8409,2039
4297,-17.4146,2030
4298,-13.1131,2034
4299,6.4513,2054
4300,20.9165,2068
4301,31.9292,2079
4302,50.5592,2098
4303,62.4353,2110
4304,50.7519,2098
4305,20.6696,2068
4306,8.3083,2056
4307,-1.1916,2046
4308,7.5292,2055
4309,10.4673,2058
4310,32.6506,2080
4311,43.9605,2091
4312,64.6326,2112
4313,63.9217,2111
4314,51.4212,2099
4315,22.8932,2070
4316,16.4831,2064
4317,0.5141,2048
4318,10.3580,2058
4319,19.4167,2067
4320,25.7301,2073
4321,37.5576,2085
4322,53.3775,2101
4323,57.6306,2105
4324,35.7159,2083
4325,20.6096,2068
4326,13.8389,2061
4327,-2.0424,2045
4328,1.3282,2049
4329,-4.2425,2043
4330,15.8859,2063
4331,42.9956,2090
4332,49.9493,2097
4333,38.9907,2086
4334,38.1277,2086
4335,14.9373,2062
4336,3.7483,2051
4337,-23.0873,2024
4338,-27.6004,2020
4339,-2.1912,2045
4340,1.6026,2049
4341,19.0251,2067
4342,38.1628,2086
4343,34.0593,2082
4344,31.7199,2079
4345,11.2957,2059
4346,-21.0450,2026
4347,-22.1795,2025
4348,-19.1421,2028
4349,-22.9222,2025
4350,-6.2893,2041
4351,13.4359,2061
4352,35.3090,2083
4353,29.5759,2077
4354,16.4313,2064
4355,-0.1524,2047
4356,-19.8468,2028
4357,-31.3259,2016
4358,-34.0117,2013
4359,-9.9124,2038
4360,-8.0004,2039
4361,10.5985,2058
4362,35.1367,2083
4363,36.8486,2084
4364,17.5359,2065
4365,4.9470,2052
4366,-4.9831,2043
4367,-26.9194,2021
4368,-26.1121,2021
4369,-10.7673,2037
4370,11.5537,2059
4371,37.5046,2085
4372,43.3370,2091
4373,37.0924,2085
4374,31.3506,2079
4375,8.4833,2056
4376,2.6055,2050
4377,-7.5450,2040
4378,-11.8193,2036
4379,3.9826,2051
4380,18.2801,2066
4381,40.5387,2088
4382,58.6264,2106
4383,46.3565,2094
4384,44.9368,2092
4385,32.1152,2080
4386,12.6320,2060
4387,-0.9936,2047
4388,2.8072,2050
4389,18.2238,2066
4390,25.6991,2073
4391,50.6895,2098
4392,66.4521,2114
4393,49.0308,2097
4394,56.4246,2104
4395,34.1878,2082
4396,3.0610,2051
4397,6.7855,2054
4398,0.1148,2048
4399,17.0628,2065
4400,22.0523,2070
4401,46.7597,2094
4402,60.2588,2108
4403,61.1812,2109
4404,40.3373,2088
4405,28.8860,2076
4406,15.3792,2063
4407,4.7450,2052
4408,0.7616,2048
4409,10.2280,2058
4410,21.3957,2069
4411,30.7250,2078
4412,43.4988,2091
4413,53.7521,2101
4414,41.0985,2089
4415,23.5064,2071
4416,0.1021,2048
4417,-24.7445,2023
4418,-7.8821,2040
4419,0.3017,2048
4420,17.8534,2065
4421,21.6398,2069
4422,37.1270,2085
4423,31.9693,2079
4424,29.7596,2077
4425,-4.9166,2043
4426,-12.1273,2035
4427,-17.9396,2030
4428,-19.9792,2028
4429,-14.4418,2033
4430,-4.8862,2043
4431,8.3460,2056
4432,21.5325,2069
4433,36.9095,2084
4434,13.8783,2061
4435,-0.7954,2047
4436,-25.1866,2022
4437,-23.1509,2024
4438,-28.9244,2019
4439,-7.7152,2040
4440,2.7123,2050
4441,19.8370,2067
4442,34.0931,2082
4443,30.3331,2078
4444,19.9470,2067
4445,5.4922,2053
4446,-4.2907,2043
4447,-19.0845,2028
4448,-18.9254,2029
4449,-2.0183,2045
4450,0.8680,2048
4451,19.5824,2067
4452,33.5970,2081
4453,34.7336,2082
4454,40.7864,2088
4455,15.9111,2063
4456,-7.1551,2040
4457,-9.8948,2038
4458,-0.7491,2047
4459,-7.1253,2040
4460,13.6043,2061
4461,32.7089,2080
4462,52.6372,2100
4463,58.4205,2106
4464,44.2537,2092
4465,23.5004,2071
4466,4.0779,2052
4467,2.9263,2050
4468,-7.3971,2040
4469,5.7035,2053
4470,32.6546,2080
4471,42.3308,2090
4472,63.9846,2111
4473,55.6517,2103
4474,52.1371,2100
4475,35.1841,2083
4476,11.3546,2059
4477,4.3676,2052
4478,10.3860,2058
4479,3.6176,2051
4480,29.6917,2077
4481,37.2879,2085
4482,60.6621,2108
4483,50.8620,2098
4484,39.2851,2087
4485,29.9077,2077
4486,4.2562,2052
4487,-4.7187,2043
4488,-9.6505,2038
4489,1.0651,2049
4490,12.4658,2060
4491,47.2343,2095
4492,47.6315,2095
4493,49.3040,2097
4494,40.2641,2088
4495,7.8700,2055
4496,-1.5289,2046
4497,-13.3858,2034
4498,-18.9396,2029
4499,-1.3814,2046
4500,17.1473,2065
4501,28.2914,2076
4502,27.1378,2075
4503,38.5311,2086
4504,23.0714,2071
4505,0.9362,2048
4506,-15.1460,2032
4507,-16.4231,2031
4508,-16.9361,2031
4509,-18.0743,2029
4510,2.3940,2050
4511,28.5429,2076
4512,38.0467,2086
4513,23.7353,2071
4514,23.0161,2071
4515,-6.3547,2041
4516,-18.6298,2029
4517,-36.6882,2011
4518,-34.7509,2013
4519,-22.2314,2025
4520,9.1168,2057
4521,13.3506,2061
4522,24.3273,2072
4523,28.8896,2076
4524,18.2333,2066
4525,3.7098,2051
4526,-22.7440,2025
4527,-14.1933,2033
4528,-30.6902,2017
4529,-2.4266,2045
4530,2.6106,2050
4531,35.4961,2083
4532,38.4765,2086
4533,45.3902,2093
4534,22.2256,2070
4535,22.9480,2070
4536,-1.1210,2046
4537,-12.0587,2035
4538,-3.5003,2044
4539,1.1407,2049
4540,17.7034,2065
4541,47.2339,2095
4542,41.0025,2089
4543,58.8311,2106
4544,45.5189,2093
4545,21.0232,2069
4546,-0.9434,2047
4547,-8.8238,2039
4548,7.1252,2055
4549,15.2974,2063
4550,26.7346,2074
4551,53.4926,2101
4552,58.2270,2106
4553,51.1833,2099
4554,53.1533,2101
4555,38.2967,2086
4556,15.7572,2063
4557,7.8569,2055
4558,-0.6342,2047
4559,7.6848,2055
4560,34.2528,2082
4561,39.7275,2087
4562,51.7878,2099
4563,61.6644,2109
4564,44.1671,2092
4565,23.6543,2071
4566,12.8770,2060
4567,-12.2373,2035
4568,-6.3122,2041
4569,-1.3487,2046
4570,14.4967,2062
4571,35.9103,2083
4572,40.9362,2088
4573,40.8365,2088
4574,30.4110,2078
4575,14.0289,2062
4576,-11.7581,2036
4577,-7.4210,2040
4578,-14.3828,2033
4579,3.5637,2051
4580,13.2637,2061
4581,36.9786,2084
4582,33.9930,2081
4583,29.1440,2077
4584,17.0372,2065
4585,-1.7589,2046
4586,-11.0936,2036
4587,-28.0372,2019
4588,-16.2192,2031
4589,-15.0346,2032
4590,3.9555,2051
4591,13.2297,2061
4592,22.8477,2070
4593,26.0497,2074
4594,27.0378,2075
4595,2.3841,2050
4596,-23.3879,2024
4597,-34.5325,2013
4598,-25.2874,2022
4599,-25.0530,2022
4600,7.6004,2055
4601,23.7486,2071
4602,28.8453,2076
4603,29.9261,2077
4604,18.5938,2066
4605,-3.0100,2044
4606,-7.3267,2040
4607,-25.2422,2022
4608,-22.1980,2025
4609,-14.1927,2033
4610,15.2034,2063
4611,18.8394,2066
4612,44.5854,2092
4613,33.4698,2081
4614,35.0860,2083
4615,12.1933,2060
4616,3.3095,2051
4617,-5.8284,2042
4618,-6.6643,2041
4619,5.5938,2053
4620,26.3687,2074
4621,45.1258,2093
4622,49.5311,2097
4623,41.3980,2089
4624,35.3331,2083
4625,13.6818,2061
4626,10.3785,2058
4627,-3.8432,2044
4628,2.1729,2050
4629,16.6153,2064
4630,19.7351,2067
4631,47.5655,2095
4632,59.9839,2107
4633,49.6251,2097
4634,38.6801,2086
4635,31.7189,2079
4636,8.4629,2056
4637,0.2576,2048
4638,2.8574,2050
4639,19.6684,2067
4640,26.3190,2074
4641,46.8873,2094
4642,58.6285,2106
4643,50.7895,2098
4644,40.7670,2088
4645,35.1366,2083
4646,12.6304,2060
4647,-10.0209,2037
4648,2.3671,2050
4649,16.5860,2064
4650,22.6890,2070
4651,43.9416,2091
4652,58.2081,2106
4653,49.1403,2097
4654,32.5450,2080
4655,21.9827,2069
4656,-9.7989,2038
4657,-3.2517,2044
4658,-10.2153,2037
4659,1.3191,2049
4660,19.2028,2067
4661,34.7012,2082
4662,46.4823,2094
4663,27.5994,2075
4664,33.4455,2081
4665,6.8080,2054
4666,-9.5813,2038
4667,-18.7886,2029
4668,-15.4346,2032
4669,-20.5209,2027
4670,-4.7982,2043
4671,15.1922,2063
4672,23.9328,2071
4673,23.6483,2071
4674,17.5541,2065
4675,9.6053,2057
4676,-25.8552,2022
4677,-25.4858,2022
4678,-26.5309,2021
4679,-19.7906,2028
4680,-6.4200,2041
4681,9.2392,2057
4682,31.2452,2079
4683,21.2439,2069
4684,11.2264,2059
4685,9.9514,2057
4686,-19.0397,2028
4687,-32.2282,2015
4688,-26.6485,2021
4689,-3.0982,2044
4690,14.4369,2062
4691,29.4252,2077
4692,32.1331,2080
4693,43.7808,2091
4694,32.5691,2080
4695,4.8475,2052
4696,-9.2458,2038
4697,-7.7940,2040
4698,-15.2309,2032
4699,3.4282,2051
4700,18.2147,2066
4701,36.7979,2084
4702,38.6244,2086
4703,44.3257,2092
4704,34.4958,2082
4705,12.8960,2060
4706,10.8377,2058
4707,-6.9227,2041
4708,-9.4467,2038
4709,5.6674,2053
4710,22.2523,2070
4711,42.3587,2090
4712,65.4604,2113
4713,64.5837,2112
4714,45.5252,2093
4715,20.2447,2068
4716,17.2842,2065
4717,5.9673,2053
4718,-4.7420,2043
4719,15.5558,2063
4720,24.3031,2072
4721,49.9537,2097
4722,55.9860,2103
4723,57.8293,2105
4724,55.4933,2103
4725,31.3429,2079
4726,4.1056,2052
4727,3.9307,2051
4728,-11.4161,2036
4729,10.4691,2058
4730,25.4229,2073
4731,43.3273,2091
4732,55.2426,2103
4733,42.2140,2090
4734,36.2529,2084
4735,29.1094,2077
4736,-6.8458,2041
4737,-18.2905,2029
4738,-5.2479,2042
4739,-6.5108,2041
4740,4.3645,2052
4741,22.8410,2070
4742,34.0010,2082
4743,48.4880,2096
4744,16.9026,2064
4745,11.0235,2059
4746,-9.6210,2038
4747,-26.4776,2021
4748,-15.1850,2032
4749,-18.1318,2029
4750,12.7152,2060
4751,23.4382,2071
4752,38.4971,2086
4753,27.5334,2075
4754,11.9509,2059
4755,-1.8774,2046
4756,-26.6268,2021
4757,-20.5507,2027
4758,-35.2857,2012
4759,-26.0375,2021
4760,-8.9505,2039
4761,12.4124,2060
4762,23.3317,2071
4763,34.6439,2082
4764,25.9402,2073
4765,-5.4093,2042
4766,-19.8843,2028
4767,-25.5424,2022
4768,-18.4315,2029
4769,-20.3500,2027
4770,11.7249,2059
4771,31.2659,2079
4772,31.3206,2079
4773,37.7279,2085
4774,24.4763,2072
4775,16.5313,2064
4776,-11.9852,2036
4777,-7.3526,2040
4778,-22.5984,2025
4779,0.0573,2048
4780,10.0563,2058
4781,26.4504,2074
4782,53.0943,2101
4783,50.2189,2098
4784,37.2249,2085
4785,21.6577,2069
4786,-5.1489,2042
4787,-14.8597,2033
4788,-6.1261,2041
4789,11.2460,2059
4790,28.4974,2076
4791,43.6821,2091
4792,54.6547,2102
4793,53.8593,2101
4794,51.2790,2099
4795,24.8899,2072
4796,2.4162,2050
4797,-8.2155,2039
4798,7.3655,2055
4799,19.5582,2067
4800,23.5896,2071
4801,40.5307,2088
4802,53.4556,2101
4803,67.7861,2115
4804,51.1367,2099
4805,31.6618,2079
4806,16.7050,2064
4807,-1.7898,2046
4808,0.3352,2048
4809,17.2841,2065
4810,27.8995,2075
4811,48.2671,2096
4812,53.0296,2101
4813,50.0483,2098
4814,37.7215,2085
4815,21.0177,2069
4816,10.8817,2058
4817,-1.3389,2046
4818,-10.6859,2037
4819,6.0605,2054
4820,17.3281,2065
4821,34.7965,2082
4822,37.9442,2085
4823,41.4065,2089
4824,28.9956,2076
4825,1.0736,2049
4826,-2.2059,2045
4827,-19.7145,2028
4828,-19.4737,2028
4829,-9.0835,2038
4830,3.5054,2051
4831,27.7526,2075
4832,37.9394,2085
4833,35.0974,2083
4834,16.0381,2064
4835,-7.4735,2040
4836,-19.3158,2028
4837,-35.1233,2012
4838,-27.7497,2020
4839,-17.5875,2030
4840,-8.1976,2039
4841,10.8756,2058
4842,35.3093,2083
4843,31.7327,2079
4844,20.5442,2068
4845,6.7042,2054
4846,-12.2453,2035
4847,-34.3845,2013
4848,-20.9450,2027
4849,-19.3368,2028
4850,14.0804,2062
4851,30.5547,2078
4852,33.3568,2081
4853,32.3157,2080
4854,25.2251,2073
4855,-0.7553,2047
4856,1.6927,2049
4857,-20.2934,2027
4858,-14.1570,2033
4859,-1.9053,2046
4860,15.6849,2063
4861,35.0911,2083
4862,54.7423,2102
4863,54.6878,2102
4864,33.1158,2081
4865,16.3799,2064
4866,13.2190,2061
4867,-11.8500,2036
4868,4.3348,2052
4869,6.7681,2054
4870,19.8827,2067
4871,45.5274,2093
4872,48.9731,2096
4873,47.2532,2095
4874,50.7557,2098
4875,24.8496,2072
4876,18.2548,2066
4877,-0.0855,2047
4878,-0.6151,2047
4879,4.2638,2052
4880,33.7851,2081
4881,45.6232,2093
4882,48.4337,2096
4883,61.2551,2109
4884,42.2885,2090
4885,19.1053,2067
4886,14.2306,2062
4887,4.4111,2052
4888,-3.9875,2044
4889,4.6316,2052
4890,33.5280,2081
4891,41.3440,2089
4892,50.3670,2098
4893,58.6343,2106
4894,36.5572,2084
4895,25.0854,2073
4896,5.7893,2053
4897,-13.4067,2034
4898,-12.1345,2035
4899,2.0210,2050
4900,12.0934,2060
4901,35.1662,2083
4902,36.5013,2084
4903,40.7499,2088
4904,32.9116,2080
4905,9.9673,2057
4906,-2.3485,2045
4907,-29.1035,2018
4908,-12.7100,2035
4909,-17.1698,2030
4910,-1.4466,2046
4911,14.9425,2062
4912,25.0576,2073
4913,24.7419,2072
4914,26.0065,2074
4915,10.2071,2058
4916,-23.1121,2024
4917,-28.4074,2019
4918,-24.5216,2023
4919,-26.4527,2021
4920,-4.7537,2043
4921,18.6354,2066
4922,27.9743,2075
4923,31.5101,2079
4924,26.2291,2074
4925,-2.8907,2045
4926,-9.7306,2038
4927,-25.7466,2022
4928,-24.1864,2023
4929,-9.2476,2038
4930,7.6933,2055
4931,20.9038,2068
4932,32.0522,2080
4933,33.5539,2081
4934,33.4164,2081
4935,10.9874,2058
4936,0.4056,2048
4937,-23.0114,2024
4938,-12.8969,2035
4939,2.5347,2050
4940,3.9231,2051
4941,40.1203,2088
4942,35.3781,2083
4943,38.9358,2086
4944,37.5862,2085
4945,26.4767,2074
4946,-5.2578,2042
4947,-11.4838,2036
4948,0.9443,2048
4949,1.8335,2049
4950,31.3980,2079
4951,45.7054,2093
4952,61.8222,2109
4953,62.3709,2110
4954,51.1528,2099
4955,33.5195,2081
4956,4.4136,2052
4957,3.3548,2051
4958,7.9126,2055
4959,8.0789,2056
4960,28.2970,2076
4961,39.4189,2087
4962,63.5215,2111
4963,55.8324,2103
4964,48.1586,2096
4965,23.8633,2071
4966,1.8671,2049
4967,-9.6652,2038
4968,-0.5865,2047
4969,5.1128,2053
4970,35.0746,2083
4971,43.9640,2091
4972,57.2453,2105
4973,52.5714,2100
4974,35.1350,2083
4975,17.7214,2065
4976,11.0639,2059
4977,-1.5035,2046
4978,-17.8043,2030
4979,4.7690,2052
4980,9.6601,2057
4981,41.9320,2089
4982,50.6671,2098
4983,42.3062,2090
4984,25.8566,2073
4985,14.6904,2062
4986,-1.4615,2046
4987,-20.2474,2027
4988,-24.0961,2023
4989,-7.4074,2040
4990,11.4612,2059
4991,17.9970,2065
4992,28.2434,2076
4993,22.8603,2070
4994,23.0466,2071
4995,8.3691,2056
4996,-20.8243,2027
4997,-34.0073,2013
4998,-30.8072,2017
4999,-21.6279,2026
5000,-1.2117,2046
5001,23.2804,2071
5002,24.7324,2072
5003,20.7752,2068
5004,13.0085,2061
5005,-8.8062,2039
5006,-9.1258,2038
5007,-35.0273,2012
5008,-19.5476,2028
5009,-6.2904,2041
5010,-0.2239,2047
5011,21.5238,2069
5012,31.0027,2079
5013,38.6466,2086
5014,14.4513,2062
5015,10.9795,2058
5016,-11.2511,2036
5017,-12.7017,2035
5018,-25.0167,2022
5019,-1.6030,2046
5020,2.7626,2050
5021,30.3513,2078
5022,43.8115,2091
5023,40.1735,2088
5024,34.6375,2082
5025,11.3407,2059
5026,4.2383,2052
5027,-12.3567,2035
5028,0.1111,2048
5029,14.4412,2062
5030,24.8563,2072
5031,37.8273,2085
5032,59.0014,2107
5033,62.2170,2110
5034,42.4683,2090
5035,28.3168,2076
5036,18.8839,2066
5037,-3.8906,2044
5038,-5.8473,2042
5039,8.0108,2056
5040,35.3111,2083
5041,38.5236,2086
5042,65.3205,2113
5043,52.3216,2100
5044,53.5393,2101
5045,27.7262,2075
5046,10.2242,2058
5047,-4.8244,2043
5048,5.3370,2053
5049,12.3121,2060
5050,27.3562,2075
5051,40.7106,2088
5052,56.0609,2104
5053,44.2487,2092
5054,44.0730,2092
5055,25.3118,2073
5056,9.0929,2057
5057,-2.0309,2045
5058,-0.4981,2047
5059,3.1030,2051
5060,22.8070,2070
5061,33.6924,2081
5062,42.0363,2090
5063,33.4739,2081
5064,38.4172,2086
5065,8.6283,2056
5066,-5.3389,2042
5067,-22.3582,2025
5068,-26.8417,2021
5069,-4.9967,2043
5070,9.4301,2057
5071,31.9056,2079
5072,39.4941,2087
5073,42.4457,2090
5074,23.7669,2071
5075,4.6164,2052
5076,-7.4613,2040
5077,-35.9205,2012
5078,-21.0062,2026
5079,-13.7029,2034
5080,-6.3872,2041
5081,24.6219,2072
5082,37.9792,2085
5083,33.1333,2081
5084,24.8719,2072
5085,-7.8259,2040
5086,-10.4343,2037
5087,-36.0258,2011
5088,-20.4298,2027
5089,-11.4552,2036
5090,-4.2594,2043
5091,12.6075,2060
5092,36.0184,2084
5093,34.1974,2082
5094,15.1457,2063
5095,-2.3797,2045
5096,-3.0649,2044
5097,-16.9534,2031
5098,-21.7042,2026
5099,-17.3242,2030
5100,19.8257,2067
5101,30.5978,2078
5102,40.8441,2088
5103,38.0065,2086
5104,33.6712,2081
5105,18.7925,2066
5106,7.3085,2055
5107,-0.6640,2047
5108,-5.3639,2042
5109,-2.5964,2045
5110,24.2710,2072
5111,37.4859,2085
5112,43.3209,2091
5113,45.5978,2093
5114,45.1176,2093
5115,25.0311,2073
5116,3.6803,2051
5117,-2.0164,2045
5118,-9.4902,2038
5119,12.6490,2060
5120,22.4360,2070
5121,41.5498,2089
5122,61.8264,2109
5123,55.9199,2103
5124,43.6237,2091
5125,26.3072,2074
5126,11.2936,2059
5127,-5.4717,2042
5128,0.9755,2048
5129,18.0374,2066
5130,32.3547,2080
5131,44.1855,2092
5132,63.4110,2111
5133,58.0659,2106
5134,46.9541,2094
5135,22.6429,2070
5136,1.2825,2049
5137,-14.7974,2033
5138,0.1747,2048
5139,1.4053,2049
5140,24.5349,2072
5141,34.8457,2082
5142,50.8004,2098
5143,50.2404,2098
5144,23.5800,2071
5145,20.5895,2068
5146,-0.8001,2047
5147,-11.8370,2036
5148,-22.9515,2025
5149,-3.7382,2044
5150,15.2405,2063
5151,33.4684,2081
5152,34.0064,2082
5153,34.2986,2082
5154,18.3567,2066
5155,8.9299,2056
5156,-17.4143,2030
5157,-30.3525,2017
5158,-27.5189,2020
5159,-8.7030,2039
5160,-6.2669,2041
5161,22.0474,2070
5162,36.1168,2084
5163,19.5779,2067
5164,15.2319,2063
5165,-8.1557,2039
5166,-7.8601,2040
5167,-34.7354,2013
5168,-34.8277,2013
5169,-9.7325,2038
5170,-6.0244,2041
5171,27.9653,2075
5172,37.5064,2085
5173,30.0152,2078
5174,16.3002,2064
5175,3.1086,2051
5176,-16.4245,2031
5177,-22.3649,2025
5178,-27.1581,2020
5179,-17.6157,2030
5180,4.3118,2052
5181,29.8539,2077
5182,30.8858,2078
5183,45.6392,2093
5184,24.0993,2072
5185,22.6322,2070
5186,8.9547,2056
5187,-0.7955,2047
5188,-16.4715,2031
5189,1.7333,2049
5190,29.0327,2077
5191,46.2996,2094
5192,45.1808,2093
5193,48.3164,2096
5194,40.4940,2088
5195,17.2807,2065
5196,6.4008,2054
5197,6.5761,2054
5198,4.5817,2052
5199,1.6018,2049
5200,23.8807,2071
5201,54.4749,2102
5202,57.4418,2105
5203,59.8250,2107
5204,43.2231,2091
5205,33.7904,2081
5206,21.6675,2069
5207,1.9957,2049
5208,4.3306,2052
5209,14.8740,2062
5210,20.8733,2068
5211,53.3898,2101
5212,50.4870,2098
5213,47.6156,2095
5214,35.5663,2083
5215,31.9243,2079
5216,6.2204,2054
5217,-13.6121,2034
5218,0.4062,2048
5219,-3.5255,2044
5220,11.2434,2059
5221,31.3741,2079
5222,55.5515,2103
5223,39.6036,2087
5224,23.7508,2071
5225,21.5515,2069
5226,1.5542,2049
5227,-18.6933,2029
5228,-12.8303,2035
5229,-6.8498,2041
5230,17.4931,2065
5231,34.8851,2082
5232,33.7706,2081
5233,32.2111,2080
5234,23.6051,2071
5235,-1.4793,2046
5236,-12.2934,2035
5237,-25.5092,2022
5238,-30.9524,2017
5239,-20.6133,2027
5240,5.1328,2053
5241,15.9615,2063
5242,32.3464,2080
5243,37.3178,2085
5244,8.0830,2056
5245,-4.4020,2043
5246,-21.9900,2026
5247,-28.5587,2019
5248,-31.1365,2016
5249,-24.9315,2023
5250,-5.9080,2042
5251,27.6073,2075
5252,37.4661,2085
5253,23.1010,2071
5254,23.9143,2071
5255,11.2640,2059
5256,-13.3351,2034
5257,-23.9258,2024
5258,-16.7694,2031
5259,-16.0647,2031
5260,8.6199,2056
5261,30.9329,2078
5262,32.7462,2080
5263,39.0828,2087
5264,32.5354,2080
5265,8.8600,2056
5266,0.5937,2048
5267,-7.9459,2040
5268,-15.5999,2032
5269,-0.1754,2047
5270,29.3630,2077
5271,48.0616,2096
5272,56.9898,2104
5273,44.9760,2092
5274,40.0138,2088
5275,31.6634,2079
5276,7.0439,2055
5277,1.8947,2049
5278,5.5740,2053
5279,6.6779,2054
5280,24.8325,2072
5281,56.3123,2104
5282,52.5704,2100
5283,61.6419,2109
5284,49.5315,2097
5285,27.7826,2075
5286,12.9571,2060
5287,-7.4286,2040
5288,7.5957,2055
5289,7.2309,2055
5290,23.9161,2071
5291,42.5087,2090
5292,55.8869,2103
5293,64.2906,2112
5294,39.3173,2087
5295,16.7431,2064
5296,10.4947,2058
5297,3.3240,2051
5298,-10.4081,2037
5299,12.7098,2060
5300,17.1119,2065
5301,42.2816,2090
5302,45.0813,2093
5303,48.7548,2096
5304,41.9096,2089
5305,21.1229,2069
5306,-4.4766,2043
5307,-8.7367,2039
5308,-6.8884,2041
5309,-0.7317,2047
5310,12.9957,2060
5311,32.5384,2080
5312,41.7835,2089
5313,33.3751,2081
5314,23.1195,2071
5315,2.3759,2050
5316,-7.5092,2040
5317,-24.5896,2023
5318,-16.9061,2031
5319,-13.2480,2034
5320,-2.1834,2045
5321,12.5679,2060
5322,28.0624,2076
5323,34.3475,2082
5324,20.2188,2068
5325,3.8501,2051
5326,-21.2291,2026
5327,-33.0919,2014
5328,-36.7590,2011
5329,-16.0438,2031
5330,4.3003,2052
5331,26.3306,2074
5332,25.5064,2073
5333,21.4629,2069
5334,20.2038,2068
5335,6.4775,2054
5336,-16.9800,2031
5337,-24.8321,2023
5338,-23.3292,2024
5339,-4.6772,2043
5340,12.5642,2060
5341,18.8480,2066
5342,40.6268,2088
5343,39.7425,2087
5344,29.9751,2077
5345,15.2967,2063
5346,-5.3722,2042
5347,-16.9102,2031
5348,-19.3523,2028
5349,-2.9041,2045
5350,17.8531,2065
5351,46.7846,2094
5352,40.7582,2088
5353,48.7863,2096
5354,35.8767,2083
5355,17.9765,2065
5356,9.6253,2057
5357,-1.2584,2046
5358,7.6932,2055
5359,13.4684,2061
5360,30.9015,2078
5361,49.2704,2097
5362,49.4090,2097
5363,56.5674,2104
5364,51.1437,2099
5365,31.4913,2079
5366,14.3497,2062
5367,-8.3410,2039
5368,1.9715,2049
5369,13.9000,2061
5370,26.2661,2074
5371,42.1446,2090
5372,51.6089,2099
5373,55.8897,2103
5374,40.9960,2088
5375,21.6866,2069
5376,-0.4874,2047
5377,-9.3995,2038
5378,-3.2721,2044
5379,9.4938,2057
5380,13.3478,2061
5381,38.9506,2086
5382,51.3847,2099
5383,49.8836,2097
5384,33.8621,2081
5385,24.2886,2072
5386,4.0878,2052
5387,-23.5690,2024
5388,-5.9310,2042
5389,0.0142,2048
5390,15.1132,2063
5391,20.0276,2068
5392,36.0404,2084
5393,32.5901,2080
5394,16.0820,2064
5395,8.6833,2056
5396,-14.4540,2033
5397,-20.8029,2027
5398,-31.5883,2016
5399,-6.0049,2041
5400,7.7888,2055
5401,19.4525,2067
5402,34.2649,2082
5403,19.2634,2067
5404,27.4504,2075
5405,-9.4072,2038
5406,-22.5832,2025
5407,-38.1322,2009
5408,-23.8915,2024
5409,-21.2614,2026
5410,-5.2122,2042
5411,23.9384,2071
5412,35.6256,2083
5413,27.3029,2075
5414,17.3619,2065
5415,-3.2394,2044
5416,-19.5597,2028
5417,-30.8802,2017
5418,-29.2371,2018
5419,-7.6351,2040
5420,6.1589,2054
5421,24.1931,2072
5422,34.1373,2082
5423,36.6233,2084
5424,23.8364,2071
5425,10.3425,2058
5426,-13.5416,2034
5427,-10.6777,2037
5428,-10.7140,2037
5429,-6.6581,2041
5430,10.5174,2058
5431,34.4815,2082
5432,43.4826,2091
5433,56.9514,2104
5434,37.8827,2085
5435,17.4397,2065
5436,4.5387,2052
5437,-10.0807,2037
5438,2.3378,2050
5439,1.5829,2049
5440,26.8986,2074
5441,54.9399,2102
5442,65.1646,2113
5443,53.0075,2101
5444,54.0726,2102
5445,35.9023,2083
5446,22.0573,2070
5447,3.4557,2051
5448,1.4591,2049
5449,16.8738,2064
5450,25.7283,2073
5451,56.3006,2104
5452,61.2459,2109
5453,50.2112,2098
5454,42.9924,2090
5455,36.1656,2084
5456,10.4628,2058
5457,6.0140,2054
5458,-10.9955,2037
5459,10.4317,2058
5460,26.3311,2074
5461,34.7859,2082
5462,51.6568,2099
5463,56.5888,2104
5464,28.5951,2076
5465,18.0339,2066
5466,-8.9471,2039
5467,-2.7998,2045
5468,-10.7633,2037
5469,-7.0299,2040
5470,15.2532,2063
5471,21.3513,2069
5472,45.3311,2093
5473,38.4445,2086
5474,33.8923,2081
5475,10.6526,2058
5476,-4.1454,2043
5477,-24.7489,2023
5478,-28.5984,2019
5479,-16.4824,2031
5480,-3.9684,2044
5481,11.8185,2059
5482,26.9537,2074
5483,26.8682,2074
5484,13.5705,2061
5485,-4.9820,2043
5486,-11.2406,2036
5487,-31.6814,2016
5488,-35.5310,2012
5489,-8.9950,2039
5490,-9.4286,2038
5491,23.8269,2071
5492,22.4293,2070
5493,31.6223,2079
5494,22.6038,2070
5495,7.5253,2055
5496,-12.4752,2035
5497,-29.4612,2018
5498,-19.0849,2028
5499,-17.1380,2030
5500,8.5948,2056
5501,22.5809,2070
5502,34.4868,2082
5503,47.1335,2095
5504,27.1207,2075
5505,7.3976,2055
5506,-1.8963,2046
5507,-18.2449,2029
5508,-9.0834,2038
5509,7.1759,2055
5510,11.7705,2059
5511,34.1463,2082
5512,49.3745,2097
5513,50.6757,2098
5514,35.0492,2083
5515,29.2517,2077
5516,2.5955,2050
5517,-11.7633,2036
5518,-9.6847,2038
5519,8.2320,2056
5520,28.2196,2076
5521,49.5358,2097
5522,62.6350,2110
5523,61.7622,2109
5524,53.5080,2101
5525,19.4313,2067
5526,2.4746,2050
5527,0.5592,2048
5528,7.4534,2055
5529,8.5572,2056
5530,34.7083,2082
5531,56.3630,2104
5532,52.5973,2100
5533,60.8473,2108
5534,54.9151,2102
5535,22.5684,2070
5536,19.3347,2067
5537,0.3625,2048
5538,-0.9797,2047
5539,2.5065,2050
5540,16.0625,2064
5541,47.3750,2095
5542,44.6876,2092
5543,53.2608,2101
5544,46.4953,2094
5545,19.1674,2067
5546,-8.9947,2039
5547,-16.2390,2031
5548,-19.9960,2028
5549,1.5345,2049
5550,9.0155,2057
5551,34.0919,2082
5552,38.6529,2086
5553,40.7373,2088
5554,35.7511,2083
5555,3.6623,2051
5556,-8.5766,2039
5557,-22.4354,2025
5558,-27.9441,2020
5559,-15.2960,2032
5560,9.7483,2057
5561,21.0679,2069
5562,38.1238,2086
5563,20.9572,2068
5564,12.5711,2060
5565,6.7392,2054
5566,-21.8141,2026
5567,-24.7423,2023
5568,-19.8817,2028
5569,-20.4320,2027
5570,-1.1624,2046
5571,18.4040,2066
5572,32.7221,2080
5573,31.8284,2079
5574,22.9272,2070
5575,-5.6389,2042
5576,-12.7105,2035
5577,-21.1722,2026
5578,-16.6649,2031
5579,-17.5870,2030
5580,4.0853,2052
5581,17.6239,2065
5582,35.6763,2083
5583,34.6805,2082
5584,32.6293,2080
5585,19.6826,2067
5586,-12.2403,2035
5587,-7.8011,2040
5588,-15.4506,2032
5589,-3.3886,2044
5590,22.6039,2070
5591,30.3922,2078
5592,36.8434,2084
5593,51.9694,2099
5594,45.1766,2093
5595,25.8116,2073
5596,-4.5933,2043
5597,-2.1027,2045
5598,-5.9667,2042
5599,16.8077,2064
5600,26.6691,2074
5601,51.4497,2099
5602,55.8260,2103
5603,61.4321,2109
5604,36.2580,2084
5605,33.4727,2081
5606,19.3968,2067
5607,3.9746,2051
5608,0.3591,2048
5609,18.5555,2066
5610,38.5908,2086
5611,45.9361,2093
5612,58.8630,2106
5613,67.2000,2115
5614,53.3548,2101
5615,35.6838,2083
5616,19.5364,2067
5617,0.4362,2048
5618,3.7666,2051
5619,7.1183,2055
5620,16.3435,2064
5621,44.3068,2092
5622,47.0724,2095
5623,52.8906,2100
5624,45.9687,2093
5625,23.0670,2071
5626,-2.0682,2045
5627,-2.8881,2045
5628,-15.8343,2032
5629,-6.8943,2041
5630,11.9793,2059
5631,27.8535,2075
5632,32.9951,2080
5633,37.2592,2085
5634,19.2392,2067
5635,1.1218,2049
5636,-17.5595,2030
5637,-12.2704,2035
5638,-27.0322,2020
5639,-21.0449,2026
5640,0.1414,2048
5641,25.5855,2073
5642,21.7694,2069
5643,27.5248,2075
5644,23.0620,2071
5645,-1.4531,2046
5646,-23.0992,2024
5647,-25.3110,2022
5648,-19.5396,2028
5649,-17.9838,2030
5650,-8.5981,2039
5651,18.0772,2066
5652,30.9012,2078
5653,25.3211,2073
5654,10.5292,2058
5655,0.0854,2048
5656,-7.0679,2040
5657,-17.6109,2030
5658,-18.9775,2029
5659,-9.1705,2038
5660,-1.9564,2046
5661,16.7153,2064
5662,26.1174,2074
5663,31.2721,2079
5664,27.1799,2075
5665,12.5905,2060
5666,0.6442,2048
5667,-23.3433,2024
5668,-13.4059,2034
5669,-10.5573,2037
5670,10.0324,2058
5671,32.4325,2080
5672,53.6907,2101
5673,42.4374,2090
5674,42.6662,2090
5675,12.7395,2060
5676,7.1727,2055
5677,-6.0951,2041
5678,0.0918,2048
5679,8.9275,2056
5680,34.8439,2082
5681,50.2919,2098
5682,58.3436,2106
5683,57.8245,2105
5684,49.3311,2097
5685,33.8216,2081
5686,2.2373,2050
5687,-6.0993,2041
5688,-4.2255,2043
5689,10.2570,2058
5690,28.5822,2076
5691,46.0245,2094
5692,60.6394,2108
5693,48.8627,2096
5694,41.7027,2089
5695,22.9237,2070
5696,15.2522,2063
5697,2.8362,2050
5698,-3.1594,2044
5699,16.6683,2064
5700,33.1547,2081
5701,36.5811,2084
5702,49.4070,2097
5703,47.6772,2095
5704,39.8025,2087
5705,24.1331,2072
5706,0.8380,2048
5707,-5.7570,2042
5708,-17.6836,2030
5709,3.0717,2051
5710,21.9513,2069
5711,35.0179,2083
5712,32.7527,2080
5713,40.2007,2088
5714,23.3628,2071
5715,14.4170,2062
5716,-3.7067,2044
5717,-14.8547,2033
5718,-23.6663,2024
5719,-2.1287,2045
5720,-1.0078,2046
5721,28.3725,2076
5722,29.8908,2077
5723,27.7726,2075
5724,17.2278,2065
5725,-5.5689,2042
5726,-16.2917,2031
5727,-35.9936,2012
5728,-21.9097,2026
5729,-19.0450,2028
5730,9.2571,2057
5731,11.2351,2059
5732,20.9703,2068
5733,34.9002,2082
5734,27.6179,2075
5735,-6.9058,2041
5736,-17.7495,2030
5737,-18.9695,2029
5738,-20.6157,2027
5739,-22.8781,2025
5740,5.0595,2053
5741,14.2730,2062
5742,28.6108,2076
5743,27.1127,2075
5744,16.5677,2064
5745,7.5423,2055
5746,-1.6413,2046
5747,-11.6620,2036
5748,-11.7472,2036
5749,-0.1168,2047
5750,19.8709,2067
5751,32.0675,2080
5752,36.3262,2084
5753,50.0847,2098
5754,41.9356,2089
5755,18.6277,2066
5756,0.6944,2048
5757,-0.3308,2047
5758,-4.8982,2043
5759,10.3842,2058
5760,29.9566,2077
5761,43.4733,2091
5762,62.7870,2110
5763,63.5412,2111
5764,52.3191,2100
5765,26.2949,2074
5766,1.5923,2049
5767,6.9371,2054
5768,-2.9017,2045
5769,9.0682,2057
5770,28.6901,2076
5771,45.8162,2093
5772,57.9253,2105
5773,62.4384,2110
5774,48.1689,2096
5775,30.8704,2078
5776,15.4852,2063
5777,8.3563,2056
5778,8.2404,2056
5779,9.5405,2057
5780,20.6982,2068
5781,48.7982,2096
5782,63.4826,2111
5783,48.8118,2096
5784,31.3840,2079
5785,28.3669,2076
5786,9.3111,2057
5787,0.5450,2048
5788,-15.9549,2032
5789,7.6245,2055
5790,20.3108,2068
5791,42.3832,2090
5792,51.3205,2099
5793,43.5580,2091
5794,37.1086,2085
5795,16.5335,2064
5796,-7.4119,2040
5797,-11.5992,2036
5798,-18.6504,2029
5799,-13.9640,2034
5800,11.3026,2059
5801,13.4297,2061
5802,28.0796,2076
5803,26.6917,2074
5804,25.0774,2073
5805,-1.3960,2046
5806,-19.6062,2028
5807,-28.7873,2019
5808,-32.9914,2015
5809,-22.2104,2025
5810,-1.0042,2046
5811,16.2840,2064
5812,29.1324,2077
5813,37.3716,2085
5814,12.8012,2060
5815,-8.4174,2039
5816,-21.9409,2026
5817,-26.6465,2021
5818,-17.1711,2030
5819,-17.3175,2030
5820,0.5531,2048
5821,24.0898,2072
5822,29.9641,2077
5823,29.6060,2077
5824,28.4100,2076
5825,1.1364,2049
5826,-8.0960,2039
5827,-24.7490,2023
5828,-16.0659,2031
5829,-2.6537,2045
5830,4.1109,2052
5831,28.6993,2076
5832,47.7595,2095
5833,41.3220,2089
5834,27.1807,2075
5835,27.6907,2075
5836,4.9892,2052
5837,-9.2071,2038
5838,1.6640,2049
5839,3.3957,2051
5840,18.0202,2066
5841,49.9863,2097
5842,61.1634,2109
5843,50.1842,2098
5844,51.2369,2099
5845,30.2888,2078
5846,7.2590,2055
5847,-8.1097,2039
5848,-5.8654,2042
5849,18.7961,2066
5850,29.9003,2077
5851,48.9228,2096
5852,48.9181,2096
5853,65.9236,2113
5854,45.3397,2093
5855,34.9367,2082
5856,13.8384,2061
5857,10.1909,2058
5858,0.5583,2048
5859,5.1364,2053
5860,21.3766,2069
5861,46.7420,2094
5862,56.8954,2104
5863,62.2864,2110
5864,41.7200,2089
5865,28.5551,2076
5866,3.5382,2051
5867,-13.9837,2034
5868,-3.6505,2044
5869,9.5520,2057
5870,20.0574,2068
5871,34.1486,2082
5872,50.2878,2098
5873,52.9259,2100
5874,36.2629,2084
5875,5.4800,2053
5876,-3.8882,2044
5877,-16.1085,2031
5878,-24.5943,2023
5879,-13.1513,2034
5880,6.2738,2054
5881,19.1468,2067
5882,41.5350,2089
5883,32.4827,2080
5884,24.4009,2072
5885,9.0471,2057
5886,-10.2336,2037
5887,-31.4969,2016
5888,-31.1845,2016
5889,-10.8932,2037
5890,0.4243,2048
5891,17.8296,2065
5892,37.1833,2085
5893,31.1337,2079
5894,26.6686,2074
5895,-1.6331,2046
5896,-9.2456,2038
5897,-19.8412,2028
5898,-35.6496,2012
5899,-23.0727,2024
5900,7.9134,2055
5901,23.9767,2071
5902,34.3854,2082
5903,24.7615,2072
5904,16.3070,2064
5905,13.9725,2061
5906,-15.7022,2032
5907,-14.5994,2033
5908,-19.3519,2028
5909,-17.3737,2030
5910,3.5672,2051
5911,39.5463,2087
5912,48.1924,2096
5913,43.7526,2091
5914,43.0200,2091
5915,16.3418,2064
5916,7.6529,2055
5917,-13.9135,2034
5918,-3.4125,2044
5919,-2.8374,2045
5920,13.8254,2061
5921,46.2426,2094
5922,46.8802,2094
5923,43.9599,2091
5924,52.0832,2100
5925,19.7999,2067
5926,18.6519,2066
5927,5.9608,2053
5928,-8.9120,2039
5929,2.0304,2050
5930,29.2287,2077
5931,44.5332,2092
5932,53.0199,2101
5933,50.9156,2098
5934,57.2260,2105
5935,28.1137,2076
5936,2.4978,2050
5937,5.9422,2053
5938,5.1930,2053
5939,2.0581,2050
5940,23.7789,2071
5941,42.6135,2090
5942,46.0424,2094
5943,46.5008,2094
5944,51.1922,2099
5945,25.2837,2073
5946,7.3256,2055
5947,-0.5547,2047
5948,-0.7811,2047
5949,9.4530,2057
5950,18.7911,2066
5951,33.8958,2081
5952,47.6492,2095
5953,47.8923,2095
5954,41.0323,2089
5955,14.0417,2062
5956,-8.3486,2039
5957,-19.1865,2028
5958,-11.1027,2036
5959,-0.2910,2047
5960,6.6858,2054
5961,21.9174,2069
5962,30.0479,2078
5963,37.1380,2085
5964,11.9874,2059
5965,-1.4359,2046
5966,-12.7832,2035
5967,-25.5279,2022
5968,-26.4956,2021
5969,-19.6895,2028
5970,2.5485,2050
5971,24.0591,2072
5972,32.9249,2080
5973,21.5846,2069
5974,25.6327,2073
5975,-7.1589,2040
5976,-23.2673,2024
5977,-18.3469,2029
5978,-29.0413,2018
5979,-15.7524,2032
5980,7.9519,2055
5981,27.9441,2075
5982,40.0763,2088
5983,30.3823,2078
5984,13.8587,2061
5985,3.0704,2051
5986,-12.4654,2035
5987,-22.8088,2025
5988,-14.6040,2033
5989,-1.6637,2046
5990,7.0545,2055
5991,33.8033,2081
5992,45.4373,2093
5993,34.7874,2082
5994,30.6540,2078
5995,20.3743,2068
5996,7.5034,2055
5997,-9.4459,2038
5998,-13.9186,2034
5999,1.2844,2049
6000,29.1852,2077
6001,37.6541,2085
6002,46.5378,2094
6003,54.8761,2102
6004,43.4567,2091
6005,29.0464,2077
6006,4.5694,2052
6007,-5.8524,2042
6008,2.3562,2050
6009,15.1855,2063
6010,35.0621,2083
6011,46.4543,2094
6012,60.6337,2108
6013,63.4189,2111
6014,45.8213,2093
6015,34.3928,2082
6016,15.6738,2063
6017,-0.7943,2047
6018,4.5441,2052
6019,10.8910,2058
6020,23.6938,2071
6021,36.4144,2084
6022,50.5151,2098
6023,65.0448,2113
6024,47.6018,2095
6025,18.7625,2066
6026,1.4548,2049
6027,-2.9690,2045
6028,-1.5493,2046
6029,-5.6738,2042
6030,21.4914,2069
6031,29.6231,2077
6032,44.7996,2092
6033,51.2556,2099
6034,28.6030,2076
6035,14.0040,2062
6036,5.2127,2053
6037,-15.6420,2032
6038,-12.7802,2035
6039,-5.4008,2042
6040,3.7470,2051
6041,26.3305,2074
6042,27.0148,2075
6043,32.0504,2080
6044,28.8449,2076
6045,-5.4422,2042
6046,-11.8656,2036
6047,-26.2787,2021
6048,-28.1256,2019
6049,-20.1901,2027
6050,0.3520,2048
6051,21.5770,2069
6052,35.7585,2083
6053,22.7285,2070
6054,10.8818,2058
6055,0.5989,2048
6056,-9.7932,2038
6057,-30.5662,2017
6058,-25.1485,2022
6059,-24.3476,2023
6060,-0.7205,2047
6061,13.1836,2061
6062,25.8394,2073
6063,37.4712,2085
6064,21.2814,2069
6065,-4.9715,2043
6066,-6.7734,2041
6067,-23.1673,2024
6068,-20.4132,2027
6069,-9.3109,2038
6070,0.3713,2048
6071,24.0898,2072
6072,41.0959,2089
6073,44.2316,2092
6074,34.8848,2082
6075,22.4088,2070
6076,1.7421,2049
6077,-15.3989,2032
6078,-13.2530,2034
6079,-6.6261,2041
6080,22.3140,2070
6081,35.8143,2083
6082,46.3443,2094
6083,61.3334,2109
6084,42.7739,2090
6085,23.8258,2071
6086,8.4094,2056
6087,-2.9370,2045
6088,5.3476,2053
6089,14.0522,2062
6090,30.0102,2078
6091,41.2999,2089
6092,65.5561,2113
6093,55.4319,2103
6094,48.7199,2096
6095,38.1883,2086
6096,10.3593,2058
6097,-1.4226,2046
6098,-1.1947,2046
6099,21.0381,2069
6100,27.1329,2075
6101,55.9296,2103
6102,52.3135,2100
6103,65.5191,2113
6104,47.5496,2095
6105,26.1707,2074
6106,5.3327,2053
6107,-7.4353,2040
6108,1.2362,2049
6109,0.1540,2048
6110,30.3583,2078
6111,46.7293,2094
6112,49.9306,2097
6113,41.0060,2089
6114,42.7614,2090
6115,19.1752,2067
6116,-0.0178,2047
6117,-6.2850,2041
6118,-24.0375,2023
6119,3.3239,2051
6120,12.4368,2060
6121,20.7856,2068
6122,30.8315,2078
6123,25.8193,2073
6124,15.3617,2063
6125,1.0084,2049
6126,-4.6722,2043
6127,-25.3559,2022
6128,-22.6760,2025
6129,-19.2215,2028
6130,10.8395,2058
6131,20.1873,2068
6132,25.0782,2073
6133,34.3575,2082
6134,9.0276,2057
6135,-0.7450,2047
6136,-22.2343,2025
6137,-29.6932,2018
6138,-32.1669,2015
6139,-15.2500,2032
6140,4.6841,2052
6141,13.7046,2061
6142,30.6832,2078
6143,26.6366,2074
6144,29.9742,2077
6145,2.2451,2050
6146,-13.6156,2034
6147,-30.6711,2017
6148,-14.7708,2033
6149,-18.5215,2029
6150,0.3252,2048
6151,26.6000,2074
6152,34.7777,2082
6153,46.6903,2094
6154,20.5246,2068
6155,11.2458,2059
6156,-10.0294,2037
6157,-3.5618,2044
6158,-13.8061,2034
6159,-3.1558,2044
6160,25.2028,2073
6161,35.1357,2083
6162,48.3084,2096
6163,53.1416,2101
6164,33.6288,2081
6165,23.9363,2071
6166,-0.8120,2047
6167,5.9048,2053
6168,6.8607,2054
6169,18.0392,2066
6170,28.4832,2076
6171,39.2482,2087
6172,50.9908,2098
6173,48.9535,2096
6174,56.9339,2104
6175,33.2856,2081
6176,2.5480,2050
6177,0.8610,2048
6178,-1.8230,2046
6179,20.1032,2068
6180,31.0791,2079
6181,45.9674,2093
6182,65.6299,2113
6183,55.1170,2103
6184,52.0189,2100
6185,36.1188,2084
6186,5.1477,2053
6187,-2.9618,2045
6188,-5.2322,2042
6189,10.5359,2058
6190,19.5923,2067
6191,33.9966,2081
6192,40.8327,2088
6193,53.3338,2101
6194,43.1132,2091
6195,21.9405,2069
6196,-6.4595,2041
6197,-14.5170,2033
6198,-11.6778,2036
6199,-0.9348,2047
6200,19.1555,2067
6201,21.4816,2069
6202,44.8883,2092
6203,38.2363,2086
6204,19.3261,2067
6205,3.3261,2051
6206,-17.2142,2030
6207,-18.7662,2029
6208,-18.3547,2029
6209,-12.7751,2035
6210,5.6152,2053
6211,28.0757,2076
6212,31.2867,2079
6213,21.6797,2069
6214,15.2632,2063
6215,-1.4056,2046
6216,-25.9784,2022
6217,-24.7317,2023
6218,-29.4932,2018
6219,-17.0696,2030
6220,-1.2245,2046
6221,24.5163,2072
6222,25.4061,2073
6223,20.6801,2068
6224,21.3357,2069
6225,6.1387,2054
6226,-8.7923,2039
6227,-27.1164,2020
6228,-20.4762,2027
6229,-2.6766,2045
6230,-1.6858,2046
6231,26.3469,2074
6232,30.0923,2078
6233,37.7742,2085
6234,21.3868,2069
6235,20.0853,2068
6236,2.2070,2050
6237,-16.1293,2031
6238,-9.5659,2038
6239,-7.1104,2040
6240,18.2661,2066
6241,43.8313,2091
6242,41.2313,2089
6243,41.7029,2089
6244,39.8383,2087
6245,13.3971,2061
6246,-2.5010,2045
6247,-1.9184,2046
6248,1.3023,2049
6249,8.9567,2056
6250,29.8692,2077
6251,48.5138,2096
6252,53.1402,2101
6253,65.7876,2113
6254,40.8530,2088
6255,27.8927,2075
6256,4.2516,2052
6257,1.2536,2049
6258,6.8583,2054
6259,17.2790,2065
6260,28.5446,2076
6261,44.5137,2092
6262,53.4632,2101
6263,49.2326,2097
6264,42.8239,2090
6265,25.9869,2073
6266,19.0886,2067
6267,1.4514,2049
6268,-6.5582,2041
6269,0.2657,2048
6270,30.9803,2078
6271,47.0297,2095
6272,50.9033,2098
6273,49.2376,2097
6274,36.2452,2084
6275,9.0929,2057
6276,-0.3012,2047
6277,-12.5506,2035
6278,-21.1117,2026
6279,0.6216,2048
6280,12.7036,2060
6281,33.9956,2081
6282,36.1823,2084
6283,34.4924,2082
6284,19.3448,2067
6285,8.2976,2056
6286,-6.4969,2041
6287,-27.7121,2020
6288,-33.1621,2014
6289,-23.2494,2024
6290,-6.5387,2041
6291,10.2453,2058
6292,28.3750,2076
6293,36.6858,2084
6294,10.7812,2058
6295,5.6309,2053
6296,-22.0318,2025
6297,-36.2769,2011
6298,-18.9286,2029
6299,-24.9933,2023
6300,6.1631,2054
6301,25.0147,2073
6302,38.6135,2086
6303,36.8053,2084
6304,26.9754,2074
6305,11.0997,2059
6306,-6.9045,2041
6307,-27.0940,2020
6308,-25.3212,2022
6309,-11.3895,2036
6310,-1.4399,2046
6311,33.9431,2081
6312,43.0409,2091
6313,27.8881,2075
6314,23.8723,2071
6315,1.5412,2049
6316,-3.5527,2044
6317,-13.4962,2034
6318,-7.5354,2040
6319,-8.6768,2039
6320,19.3107,2067
6321,33.3015,2081
6322,41.3269,2089
6323,39.6275,2087
6324,33.6028,2081
6325,18.4069,2066
6326,2.1586,2050
6327,-13.8055,2034
6328,5.2795,2053
6329,14.7964,2062
6330,19.7796,2067
6331,40.1001,2088
6332,60.2120,2108
6333,60.1386,2108
6334,49.4904,2097
6335,30.8177,2078
6336,14.0648,2062
6337,-7.4448,2040
6338,1.2532,2049
6339,3.5643,2051
6340,32.3135,2080
6341,40.3722,2088
6342,59.0107,2107
6343,56.8673,2104
6344,39.7307,2087
6345,25.7863,2073
6346,-0.0365,2047
6347,3.5942,2051
6348,6.8528,2054
6349,14.1490,2062
6350,23.5093,2071
6351,33.2111,2081
6352,45.1321,2093
6353,43.1076,2091
6354,41.3504,2089
6355,18.0098,2066
6356,10.2505,2058
6357,-11.1875,2036
6358,-13.3445,2034
6359,-4.2138,2043
6360,10.2733,2058
6361,32.3480,2080
6362,34.1033,2082
6363,28.9866,2076
6364,32.3993,2080
6365,15.1171,2063
6366,-18.5384,2029
6367,-24.5961,2023
6368,-15.1070,2032
6369,-20.8600,2027
6370,12.9812,2060
6371,21.2924,2069
6372,26.1504,2074
6373,30.5784,2078
6374,8.7917,2056
6375,-0.4441,2047
6376,-18.7954,2029
6377,-38.3361,2009
6378,-23.8754,2024
6379,-9.6322,2038
6380,-3.1668,2044
6381,21.7958,2069
6382,18.9079,2066
6383,30.2108,2078
6384,25.7026,2073
6385,4.9387,2052
6386,-15.5367,2032
6387,-19.2018,2028
6388,-31.5007,2016
6389,-4.2233,2043
6390,10.8535,2058
6391,23.7820,2071
6392,27.4325,2075
6393,26.4392,2074
6394,17.5769,2065
6395,17.6274,2065
6396,0.5097,2048
6397,-12.8518,2035
6398,-9.3023,2038
6399,2.1527,2050
6400,21.5593,2069
6401,39.7467,2087
6402,52.9921,2100
6403,49.3199,2097
6404,33.5287,2081
6405,18.1719,2066
6406,-4.6434,2043
6407,-10.7473,2037
6408,2.9922,2050
6409,3.1693,2051
6410,18.4258,2066
6411,38.6231,2086
6412,65.5995,2113
6413,49.2069,2097
6414,51.4425,2099
6415,26.0553,2074
6416,17.7889,2065
6417,6.7622,2054
6418,5.5526,2053
6419,21.9527,2069
6420,34.9918,2082
6421,47.5412,2095
6422,48.4703,2096
6423,55.4115,2103
6424,46.7666,2094
6425,19.9056,2067
6426,15.9618,2063
6427,6.4671,2054
6428,-6.4001,2041
6429,9.9582,2057
6430,18.3803,2066
6431,33.1404,2081
6432,48.7148,2096
6433,60.7382,2108
6434,32.4095,2080
6435,13.3155,2061
6436,-1.8182,2046
6437,-16.4374,2031
6438,-14.1833,2033
6439,-7.8372,2040
6440,24.6373,2072
6441,31.1045,2079
6442,49.4464,2097
6443,39.7097,2087
6444,30.2952,2078
6445,3.1628,2051
6446,-2.7193,2045
6447,-12.6262,2035
6448,-12.7903,2035
6449,-11.4061,2036
6450,3.1703,2051
6451,16.2244,2064
6452,32.7993,2080
6453,29.7520,2077
6454,21.6862,2069
6455,-7.4326,2040
6456,-26.0827,2021
6457,-19.7008,2028
6458,-29.1314,2018
6459,-21.5800,2026
6460,-0.2057,2047
6461,20.0670,2068
6462,36.0956,2084
6463,25.7074,2073
6464,20.3142,2068
6465,-8.3332,2039
6466,-16.4905,2031
6467,-27.6352,2020
6468,-21.0050,2026
6469,-16.7981,2031
6470,-2.7931,2045
6471,27.2759,2075
6472,32.0732,2080
6473,26.8291,2074
6474,19.9292,2067
6475,9.3438,2057
6476,-12.2042,2035
6477,-15.5909,2032
6478,-17.0598,2030
6479,-9.0035,2038
6480,7.3878,2055
6481,31.7802,2079
6482,45.6392,2093
6483,41.3869,2089
6484,44.2225,2092
6485,23.4844,2071
6486,10.3208,2058
6487,-7.5399,2040
6488,-3.5517,2044
6489,2.6801,2050
6490,29.8130,2077
6491,45.4623,2093
6492,63.7114,2111
6493,48.5960,2096
6494,54.3061,2102
6495,19.4076,2067
6496,4.6140,2052
6497,9.6844,2057
6498,0.7617,2048
6499,20.4502,2068
6500,26.1792,2074
6501,40.8198,2088
6502,51.6448,2099
6503,62.0727,2110
6504,41.7168,2089
6505,37.3417,2085
6506,15.6802,2063
6507,-9.7413,2038
6508,-0.9294,2047
6509,3.0995,2051
6510,32.3886,2080
6511,36.2180,2084
6512,45.6454,2093
6513,58.9172,2106
6514,38.2414,2086
6515,11.5877,2059
6516,2.8868,2050
6517,-14.3072,2033
6518,-1.0315,2046
6519,1.5280,2049
6520,16.7951,2064
6521,26.6692,2074
6522,36.0064,2084
6523,50.6547,2098
6524,25.8072,2073
6525,13.2668,2061
6526,-18.0585,2029
6527,-20.2107,2027
6528,-19.6244,2028
6529,-21.0930,2026
6530,14.0451,2062
6531,20.4144,2068
6532,25.7242,2073
6533,23.4055,2071
6534,22.4618,2070
6535,10.4405,2058
6536,-15.8714,2032
6537,-30.5771,2017
6538,-18.6999,2029
6539,-26.8371,2021
6540,-8.5464,2039
6541,23.2349,2071
6542,22.5687,2070
6543,22.6905,2070
6544,20.4127,2068
6545,-6.9206,2041
6546,-12.1567,2035
6547,-23.9943,2024
6548,-29.2376,2018
6549,-11.3146,2036
6550,-1.5741,2046
6551,20.2362,2068
6552,31.9741,2079
6553,43.8696,2091
6554,22.5305,2070
6555,13.0968,2061
6556,-6.2942,2041
6557,-9.7066,2038
6558,-11.5952,2036
6559,-0.7678,2047
6560,22.8188,2070
6561,27.2152,2075
6562,47.6720,2095
6563,48.8353,2096
6564,43.2740,2091
6565,15.1786,2063
6566,4.8464,2052
6567,-8.9752,2039
6568,-12.5461,2035
6569,-2.2470,2045
6570,23.3158,2071
6571,37.8345,2085
6572,52.5540,2100
6573,48.7094,2096
6574,54.4962,2102
6575,18.6705,2066
6576,6.7653,2054
6577,4.3168,2052
6578,-5.1184,2042
6579,15.2573,2063
6580,37.8831,2085
6581,57.0192,2105
6582,50.1268,2098
6583,54.8466,2102
6584,46.5790,2094
6585,19.6847,2067
6586,13.5031,2061
6587,2.1752,2050
6588,8.6627,2056
6589,7.9684,2055
6590,23.5363,2071
6591,42.6207,2090
6592,47.3221,2095
6593,43.0473,2091
6594,33.6271,2081
6595,13.6126,2061
6596,10.3641,2058
6597,-13.0093,2034
6598,-9.7011,2038
6599,-9.3314,2038
6600,14.3614,2062
6601,32.4289,2080
6602,48.7703,2096
6603,47.4075,2095
6604,32.3597,2080
6605,16.1844,2064
6606,-11.1678,2036
6607,-11.3490,2036
6608,-21.6064,2026
6609,-19.9205,2028
6610,-2.2494,2045
6611,30.0744,2078
6612,23.1140,2071
6613,35.9280,2083
6614,14.0962,2062
6615,12.0244,2060
6616,-11.9821,2036
6617,-21.7649,2026
6618,-25.7753,2022
6619,-14.1985,2033
6620,4.2034,2052
6621,16.6938,2064
6622,20.5303,2068
6623,36.1681,2084
6624,16.9940,2064
6625,-5.2138,2042
6626,-17.9617,2030
6627,-21.4701,2026
6628,-17.1964,2030
6629,-7.1445,2040
6630,8.9074,2056
6631,28.4625,2076
6632,40.3328,2088
6633,25.5693,2073
6634,16.7692,2064
6635,6.6861,2054
6636,-2.7360,2045
6637,-20.1980,2027
6638,-10.1145,2037
6639,-0.3047,2047
6640,2.8667,2050
6641,31.4413,2079
6642,46.5043,2094
6643,45.4709,2093
6644,28.7303,2076
6645,15.4402,2063
6646,2.5459,2050
6647,-0.0531,2047
6648,-14.1785,2033
6649,-2.2494,2045
6650,24.7770,2072
6651,39.5389,2087
6652,55.9252,2103
6653,57.9493,2105
6654,50.0054,2098
6655,29.2536,2077
6656,8.6285,2056
6657,-5.3315,2042
6658,-1.6837,2046
6659,20.1816,2068
6660,33.2966,2081
6661,51.9218,2099
6662,64.5133,2112
6663,59.7255,2107
6664,44.5459,2092
6665,38.9395,2086
6666,13.4466,2061
6667,-5.3893,2042
6668,9.1790,2057
6669,0.9667,2048
6670,17.7970,2065
6671,54.1788,2102
6672,55.5297,2103
6673,47.9240,2095
6674,42.9543,2090
6675,28.8059,2076
6676,6.3770,2054
6677,-4.5414,2043
6678,-4.6021,2043
6679,6.2010,2054
6680,23.7004,2071
6681,39.9944,2087
6682,46.9433,2094
6683,51.3779,2099
6684,40.3155,2088
6685,10.5390,2058
6686,-16.0369,2031
6687,-10.6564,2037
6688,-26.1472,2021
6689,-0.8999,2047
6690,13.3245,2061
6691,30.5821,2078
6692,36.7725,2084
6693,35.1191,2083
6694,29.6287,2077
6695,-7.1289,2040
6696,-14.0000,2034
6697,-36.4731,2011
6698,-22.9644,2025
6699,-26.0718,2021
6700,-8.7568,2039
6701,12.8316,2060
6702,19.1875,2067
6703,30.3321,2078
6704,16.6773,2064
6705,-8.0474,2039
6706,-9.8565,2038
6707,-37.4566,2010
6708,-23.2690,2024
6709,-15.3082,2032
6710,-2.5064,2045
6711,10.5585,2058
6712,38.5522,2086
6713,30.9254,2078
6714,21.2747,2069
6715,11.5388,2059
6716,-4.3571,2043
6717,-21.6444,2026
6718,-16.1995,2031
6719,-7.6176,2040
6720,8.7165,2056
6721,29.4884,2077
6722,38.7406,2086
6723,44.1011,2092
6724,35.5628,2083
6725,22.4980,2070
6726,-7.9918,2040
6727,-5.3626,2042
6728,-2.0589,2045
6729,9.7152,2057
6730,27.1724,2075
6731,38.3987,2086
6732,44.0391,2092
6733,49.5228,2097
6734,52.8427,2100
6735,17.3758,2065
6736,7.6239,2055
6737,-3.4668,2044
6738,1.6662,2049
6739,13.8181,2061
6740,37.4210,2085
6741,54.3223,2102
6742,51.4133,2099
6743,53.5179,2101
6744,42.8222,2090
6745,31.7052,2079
6746,2.7140,2050
6747,2.9559,2050
6748,-8.5878,2039
6749,5.4731,2053
6750,20.2100,2068
6751,43.6406,2091
6752,59.4738,2107
6753,63.9332,2111
6754,52.4360,2100
6755,31.1171,2079
6756,1.3682,2049
6757,-14.9102,2033
6758,-6.3321,2041
6759,-5.5053,2042
6760,17.0327,2065
6761,31.5576,2079
6762,44.7021,2092
6763,53.7446,2101
6764,24.2910,2072
6765,22.4940,2070
6766,4.7030,2052
6767,-17.5361,2030
6768,-22.4519,2025
6769,-7.0493,2040
6770,10.7315,2058
6771,28.9554,2076
6772,43.4895,2091
6773,39.3752,2087
6774,31.2186,2079
6775,8.2059,2056
6776,-6.9522,2041
6777,-25.8958,2022
6778,-30.2699,2017
6779,-7.8584,2040
6780,5.5567,2053
6781,27.2710,2075
6782,36.1354,2084
6783,37.9915,2085
6784,16.4277,2064
6785,-2.5618,2045
6786,-11.4744,2036
6787,-23.9607,2024
6788,-19.0615,2028
6789,-19.7660,2028
6790,7.3284,2055
6791,16.1172,2064
6792,24.0463,2072
6793,37.3515,2085
6794,17.4289,2065
6795,-0.3820,2047
6796,-17.1062,2030
6797,-15.6522,2032
6798,-25.8521,2022
6799,-17.9121,2030
6800,17.8200,2065
6801,36.1531,2084
6802,45.9857,2093
6803,48.7338,2096
6804,25.6027,2073
6805,10.5296,2058
6806,0.6530,2048
6807,-19.0983,2028
6808,-4.1668,2043
6809,1.0295,2049
6810,21.7376,2069
6811,30.6077,2078
6812,59.8973,2107
6813,50.8338,2098
6814,32.8249,2080
6815,23.0119,2071
6816,14.5319,2062
6817,4.9190,2052
6818,-9.2669,2038
6819,15.1575,2063
6820,32.2432,2080
6821,44.6454,2092
6822,59.4186,2107
6823,64.4104,2112
6824,51.0076,2099
6825,27.1950,2075
6826,13.4800,2061
6827,9.2177,2057
6828,4.5552,2052
6829,17.5196,2065
6830,37.5141,2085
6831,47.4383,2095
6832,49.9410,2097
6833,49.8789,2097
6834,52.6303,2100
6835,33.0005,2081
6836,6.2954,2054
6837,-14.3289,2033
6838,3.0933,2051
6839,8.9667,2056
6840,29.9381,2077
6841,27.0780,2075
6842,52.4522,2100
6843,53.3089,2101
6844,42.0556,2090
6845,10.8569,2058
6846,-9.3411,2038
6847,-12.1930,2035
6848,-14.5324,2033
6849,-1.1526,2046
6850,17.5949,2065
6851,21.5756,2069
6852,29.4609,2077
6853,24.6950,2072
6854,14.8847,2062
6855,11.5953,2059
6856,-6.2190,2041
6857,-22.4506,2025
6858,-30.6942,2017
6859,-14.5729,2033
6860,10.7713,2058
6861,12.9869,2060
6862,21.9685,2069
6863,22.1325,2070
6864,27.0927,2075
6865,2.2000,2050
6866,-26.6022,2021
6867,-19.1714,2028
6868,-25.3579,2022
6869,-16.3634,2031
6870,5.4595,2053
6871,21.5661,2069
6872,21.6105,2069
6873,21.6434,2069
6874,21.0492,2069
6875,13.5862,2061
6876,-5.6120,2042
6877,-27.6062,2020
6878,-28.0570,2019
6879,-10.1452,2037
6880,0.1237,2048
6881,30.0404,2078
6882,45.0429,2093
6883,46.3808,2094
6884,33.6334,2081
6885,12.3577,2060
6886,-8.7146,2039
6887,-11.2523,2036
6888,-9.1044,2038
6889,0.5236,2048
6890,22.4498,2070
6891,39.9727,2087
6892,44.9039,2092
6893,57.2929,2105
6894,36.7334,2084
6895,18.5812,2066
6896,16.3692,2064
6897,4.6288,2052
6898,-8.2837,2039
6899,11.4262,2059
6900,35.9948,2083
6901,44.2692,2092
6902,51.3439,2099
6903,66.6217,2114
6904,55.9139,2103
6905,23.7792,2071
6906,10.5674,2058
6907,6.7855,2054
6908,10.4191,2058
6909,13.6570,2061
6910,24.1496,2072
6911,36.7440,2084
6912,61.3361,2109
6913,57.1426,2105
6914,40.9809,2088
6915,23.4062,2071
6916,16.5765,2064
6917,-4.1954,2043
6918,-6.9230,2041
6919,-4.2022,2043
6920,30.4107,2078
6921,28.5833,2076
6922,49.7777,2097
6923,39.6563,2087
6924,31.0259,2079
6925,13.2198,2061
6926,3.8217,2051
6927,-20.6304,2027
6928,-11.9866,2036
6929,3.1736,2051
6930,5.8926,2053
6931,28.2383,2076
6932,44.0755,2092
6933,45.0640,2093
6934,13.9981,2061
6935,11.2630,2059
6936,-9.6410,2038
6937,-16.1223,2031
6938,-24.2454,2023
6939,-12.5947,2035
6940,2.2551,2050
6941,15.8127,2063
6942,23.0988,2071
6943,24.1724,2072
6944,25.8366,2073
6945,0.2674,2048
6946,-24.6274,2023
6947,-31.3011,2016
6948,-27.9747,2020
6949,-25.8620,2022
6950,-1.3248,2046
6951,17.8849,2065
6952,32.2577,2080
6953,31.0104,2079
6954,12.7393,2060
6955,2.2054,2050
6956,-5.8454,2042
6957,-14.3096,2033
6958,-29.0119,2018
6959,-18.7596,2029
6960,6.8789,2054
6961,25.7462,2073
6962,32.3282,2080
6963,36.2400,2084
6964,39.0747,2087
6965,7.3876,2055
6966,-0.0747,2047
6967,-10.0133,2037
6968,-8.4559,2039
6969,-5.2193,2042
6970,14.9601,2062
6971,31.6985,2079
6972,41.6613,2089
6973,50.4967,2098
6974,50.3974,2098
6975,24.4894,2072
6976,7.7390,2055
6977,0.2718,2048
6978,5.8285,2053
6979,0.6157,2048
6980,32.4493,2080
6981,41.8319,2089
6982,47.9726,2095
6983,64.9392,2112
6984,43.7181,2091
6985,22.8871,2070
6986,8.3519,2056
6987,5.8627,2053
6988,3.9846,2051
6989,11.7183,2059
6990,35.8845,2083
6991,48.7783,2096
6992,56.4552,2104
6993,46.9393,2094
6994,44.2472,2092
6995,25.3584,2073
6996,13.1827,2061
6997,-11.1242,2036
6998,-12.5924,2035
6999,3.7834,2051
7000,29.6286,2077
7001,36.4431,2084
7002,41.0807,2089
7003,56.7880,2104
7004,33.1584,2081
7005,19.1773,2067
7006,-2.4019,2045
7007,-15.8645,2032
7008,-20.0304,2027
7009,2.1208,2050
7010,10.0198,2058
7011,27.5243,2075
7012,40.9354,2088
7013,46.2806,2094
7014,21.5770,2069
7015,15.9612,2063
7016,-19.7744,2028
7017,-30.9294,2017
7018,-20.7193,2027
7019,-19.1508,2028
7020,5.0487,2053
7021,10.4989,2058
7022,37.3067,2085
7023,21.2961,2069
7024,9.4822,2057
7025,-2.9891,2045
7026,-26.5853,2021
7027,-31.9310,2016
7028,-29.6970,2018
7029,-25.0836,2022
7030,4.7633,2052
7031,24.5002,2072
7032,19.5869,2067
7033,27.0552,2075
7034,24.9039,2072
7035,10.3096,2058
7036,-5.2250,2042
7037,-19.5518,2028
7038,-28.1125,2019
7039,-7.5129,2040
7040,8.8627,2056
7041,20.1008,2068
7042,31.4439,2079
7043,33.7237,2081
7044,33.3318,2081
7045,3.4419,2051
7046,-9.2440,2038
7047,-6.7831,2041
7048,-18.4233,2029
7049,-0.9560,2047
7050,21.2151,2069
7051,34.3806,2082
7052,49.7848,2097
7053,41.0603,2089
7054,29.9878,2077
7055,16.1405,2064
7056,15.0590,2063
7057,-12.3565,2035
7058,-3.1353,2044
7059,16.9178,2064
7060,31.2544,2079
7061,50.0881,2098
7062,61.1206,2109
7063,51.7693,2099
7064,38.4450,2086
7065,28.8901,2076
7066,4.0456,2052
7067,2.2491,2050
7068,-4.5358,2043
7069,20.0782,2068
7070,24.7462,2072
7071,43.5265,2091
7072,60.4825,2108
7073,66.6514,2114
7074,47.6488,2095
7075,25.0235,2073
7076,10.3208,2058
7077,4.4832,2052
7078,1.8812,2049
7079,2.7048,2050
7080,20.2148,2068
7081,48.8746,2096
7082,53.5455,2101
7083,47.0829,2095
7084,46.8952,2094
7085,12.3363,2060
7086,0.5565,2048
7087,-4.0933,2043
7088,-18.6583,2029
7089,-13.5163,2034
7090,9.1540,2057
7091,28.4508,2076
7092,34.0267,2082
7093,28.3434,2076
7094,29.3791,2077
7095,3.7415,2051
7096,-21.0605,2026
7097,-27.2722,2020
7098,-26.3280,2021
7099,-9.2103,2038
7100,-3.3091,2044
7101,13.2773,2061
7102,21.6029,2069
7103,26.7108,2074
7104,11.2039,2059
7105,3.6440,2051
7106,-13.0288,2034
7107,-34.0745,2013
7108,-38.1329,2009
7109,-7.8033,2040
7110,0.3549,2048
7111,25.6027,2073
7112,37.6004,2085
7113,33.7864,2081
7114,14.7588,2062
7115,10.2738,2058
7116,-6.7337,2041
7117,-28.1290,2019
7118,-27.3525,2020
7119,-9.0228,2038
7120,3.5105,2051
7121,28.0867,2076
7122,29.3973,2077
7123,40.2368,2088
7124,32.0244,2080
7125,8.2983,2056
7126,-5.4035,2042
7127,-19.9457,2028
7128,-10.7851,2037
7129,-3.7286,2044
7130,6.8665,2054
7131,33.0493,2081
7132,49.2719,2097
7133,40.1773,2088
7134,43.3564,2091
7135,17.3555,2065
7136,0.7106,2048
7137,-5.4421,2042
7138,-3.9613,2044
7139,3.9729,2051
7140,25.3542,2073
7141,45.0769,2093
7142,49.7816,2097
7143,54.1188,2102
7144,40.8726,2088
7145,38.6042,2086
7146,17.6490,2065
7147,-6.2555,2041
7148,-2.1518,2045
7149,5.1594,2053
7150,36.1183,2084
7151,41.7870,2089
7152,54.8284,2102
7153,57.2847,2105
7154,43.9583,2091
7155,29.8266,2077
7156,16.7859,2064
7157,-3.5768,2044
7158,4.4870,2052
7159,-1.8198,2046
7160,30.9487,2078
7161,48.2589,2096
7162,48.9784,2096
7163,58.5539,2106
7164,36.9932,2084
7165,11.6604,2059
7166,-5.8866,2042
7167,-7.3383,2040
7168,-21.0934,2026
7169,-9.5575,2038
7170,23.3178,2071
7171,20.5871,2068
7172,43.3512,2091
7173,42.0315,2090
7174,34.6472,2082
7175,6.1556,2054
7176,-17.6811,2030
7177,-18.7514,2029
7178,-22.6640,2025
7179,-14.0239,2033
7180,0.4212,2048
7181,27.7337,2075
7182,24.7756,2072
7183,33.8048,2081
7184,26.0119,2074
7185,2.5655,2050
7186,-21.7944,2026
7187,-33.7228,2014
7188,-28.2733,2019
7189,-15.0322,2032
7190,-4.9636,2043
7191,14.3937,2062
7192,28.4963,2076
7193,32.1979,2080
7194,13.8837,2061
7195,10.1168,2058
7196,-10.3684,2037
7197,-16.8314,2031
7198,-22.5313,2025
7199,-6.6603,2041
7200,7.7988,2055
7201,16.1465,2064
7202,32.9932,2080
7203,32.5915,2080
7204,32.3356,2080
7205,5.5930,2053
7206,-2.3344,2045
7207,-17.3066,2030
7208,-5.9540,2042
7209,2.1063,2050
7210,14.5065,2062
7211,30.4879,2078
7212,39.3438,2087
7213,50.4708,2098
7214,37.8748,2085
7215,21.9113,2069
7216,9.7235,2057
7217,-9.3886,2038
7218,0.9517,2048
7219,2.9370,2050
7220,34.5973,2082
7221,44.9783,2092
7222,48.3679,2096
7223,65.1812,2113
7224,39.8154,2087
7225,37.0306,2085
7226,18.9751,2066
7227,0.5541,2048
7228,8.5459,2056
7229,2.5496,2050
7230,36.6000,2084
7231,47.5462,2095
7232,51.0818,2099
7233,52.2275,2100
7234,43.3964,2091
7235,27.7199,2075
7236,10.3749,2058
7237,0.2951,2048
7238,-2.9707,2045
7239,7.5806,2055
7240,32.4240,2080
7241,49.5918,2097
7242,47.5566,2095
7243,51.3803,2099
7244,39.4574,2087
7245,16.5720,2064
7246,-7.3745,2040
7247,-4.3867,2043
7248,-19.1304,2028
7249,-5.1860,2042
7250,16.4747,2064
7251,22.1501,2070
7252,48.2964,2096
7253,43.9579,2091
7254,27.9386,2075
7255,0.0259,2048
7256,-7.2660,2040
7257,-24.1869,2023
7258,-31.7494,2016
7259,-2.5614,2045
7260,12.4059,2060
7261,28.4516,2076
7262,21.6302,2069
7263,31.9792,2079
7264,10.9041,2058
7265,8.3735,2056
7266,-16.0598,2031
7267,-36.2859,2011
7268,-19.5275,2028
7269,-8.1701,2039
7270,-8.5912,2039
7271,23.4630,2071
7272,35.4856,2083
7273,36.0962,2084
7274,24.8935,2072
7275,8.4412,2056
7276,-22.9128,2025
7277,-28.6635,2019
7278,-32.2352,2015
7279,-18.6434,2029
7280,8.5777,2056
7281,27.8371,2075
7282,41.2340,2089
7283,36.9850,2084
7284,24.8956,2072
7285,5.7035,2053
7286,-14.8643,2033
7287,-15.4426,2032
7288,-21.7086,2026
7289,-0.2678,2047
7290,6.7276,2054
7291,36.3398,2084
7292,46.5876,2094
7293,49.3345,2097
7294,30.9614,2078
7295,13.4434,2061
7296,-5.9201,2042
7297,-10.7849,2037
7298,-9.9923,2038
7299,15.8512,2063
7300,30.3590,2078
7301,50.6203,2098
7302,50.8742,2098
7303,48.3650,2096
7304,49.8754,2097
7305,20.7865,2068
7306,1.4019,2049
7307,-1.1299,2046
7308,-8.4466,2039
7309,16.2490,2064
7310,23.9761,2071
7311,52.4267,2100
7312,57.8502,2105
7313,49.0869,2097
7314,53.9247,2101
7315,28.3596,2076
7316,19.2955,2067
7317,-0.1141,2047
7318,-9.7056,2038
7319,12.5360,2060
7320,20.4367,2068
7321,46.8548,2094
7322,49.2871,2097
7323,47.9648,2095
7324,36.8932,2084
7325,12.4198,2060
7326,2.1350,2050
7327,-12.0598,2035
7328,-13.7807,2034
7329,-5.6327,2042
7330,22.6470,2070
7331,24.1200,2072
7332,34.0573,2082
7333,33.3015,2081
7334,23.2703,2071
7335,6.7166,2054
7336,-3.6102,2044
7337,-15.7649,2032
7338,-16.9767,2031
7339,-6.0516,2041
7340,3.8696,2051
7341,30.4505,2078
7342,22.7577,2070
7343,29.8314,2077
7344,29.2890,2077
7345,9.2799,2057
7346,-8.8506,2039
7347,-29.7561,2018
7348,-19.8831,2028
7349,-8.6173,2039
7350,-8.7426,2039
7351,10.0349,2058
7352,21.5604,2069
7353,36.4833,2084
7354,16.1900,2064
7355,0.2648,2048
7356,-7.9868,2040
7357,-29.2173,2018
7358,-29.4689,2018
7359,-9.5330,2038
7360,-3.6077,2044
7361,15.6001,2063
7362,40.7352,2088
7363,39.6324,2087
7364,30.8871,2078
7365,9.6519,2057
7366,-16.9410,2031
7367,-17.1593,2030
7368,-10.6509,2037
7369,0.7798,2048
7370,20.5817,2068
7371,27.5629,2075
7372,39.4246,2087
7373,53.1846,2101
7374,30.0348,2078
7375,24.1291,2072
7376,7.9989,2055
7377,-15.2265,2032
7378,-13.1869,2034
7379,9.2972,2057
7380,25.6737,2073
7381,47.3963,2095
7382,50.9189,2098
7383,59.6729,2107
7384,47.4681,2095
7385,23.2454,2071
7386,15.5554,2063
7387,-8.1010,2039
7388,-5.7283,2042
7389,3.6463,2051
7390,36.8758,2084
7391,44.2161,2092
7392,64.3236,2112
7393,53.0477,2101
7394,49.5889,2097
7395,22.2987,2070
7396,17.9210,2065
7397,4.2010,2052
7398,3.8915,2051
7399,13.1957,2061
7400,17.7667,2065
7401,35.6664,2083
7402,52.9550,2100
7403,49.0923,2097
7404,50.8581,2098
7405,26.0574,2074
7406,-5.0011,2042
7407,-12.3556,2035
7408,-3.4559,2044
7409,5.1190,2053
7410,16.8120,2064
7411,41.0914,2089
7412,42.4259,2090
7413,48.4643,2096
7414,32.0118,2080
7415,13.2349,2061
7416,-5.5185,2042
7417,-12.5060,2035
7418,-17.1609,2030
7419,-5.2766,2042
7420,5.1922,2053
7421,23.1129,2071
7422,24.7547,2072
7423,26.9616,2074
7424,25.3395,2073
7425,6.4526,2054
7426,-18.3458,2029
7427,-26.1493,2021
7428,-19.1593,2028
7429,-14.9867,2033
7430,5.0114,2053
7431,17.4861,2065
7432,32.5352,2080
7433,32.9604,2080
7434,23.5871,2071
7435,-5.4391,2042
7436,-8.7647,2039
7437,-30.2846,2017
7438,-27.2147,2020
7439,-21.3711,2026
7440,-5.7080,2042
7441,30.4288,2078
7442,24.2919,2072
7443,24.5305,2072
7444,19.5289,2067
7445,10.4436,2058
7446,-6.9925,2041
7447,-11.8410,2036
7448,-18.1640,2029
7449,-10.3548,2037
7450,15.4155,2063
7451,40.4007,2088
7452,49.4528,2097
7453,39.6189,2087
7454,39.2790,2087
7455,9.7906,2057
7456,1.4852,2049
7457,-5.5019,2042
7458,-13.8306,2034
7459,13.9045,2061
7460,28.9329,2076
7461,50.3100,2098
7462,52.6918,2100
7463,44.5140,2092
7464,37.5735,2085
7465,22.4397,2070
7466,4.6032,2052
7467,-8.5576,2039
7468,-6.9019,2041
7469,6.1662,2054
7470,25.4707,2073
7471,52.3028,2100
7472,52.5150,2100
7473,55.9271,2103
7474,53.3518,2101
7475,20.1498,2068
7476,13.2724,2061
7477,9.8234,2057
7478,8.5999,2056
7479,12.9905,2060
7480,23.0387,2071
7481,46.1980,2094
7482,56.5642,2104
7483,56.1612,2104
7484,39.5952,2087
7485,30.6340,2078
7486,9.0344,2057
7487,0.7102,2048
7488,-17.5537,2030
7489,-0.1505,2047
7490,25.1645,2073
7491,40.8446,2088
7492,40.9907,2088
7493,39.2303,2087
7494,37.3671,2085
7495,2.5757,2050
7496,-14.9984,2033
7497,-17.4075,2030
7498,-27.8992,2020
7499,-5.0657,2042
7500,12.3676,2060
7501,21.0349,2069
7502,33.0114,2081
7503,32.5563,2080
7504,26.0633,2074
7505,8.3172,2056
7506,-15.1843,2032
7507,-30.6494,2017
7508,-22.7447,2025
7509,-7.8558,2040
7510,9.0405,2057
7511,7.8514,2055
7512,19.5918,2067
7513,19.5328,2067
7514,10.4625,2058
7515,-1.4396,2046
7516,-18.8675,2029
7517,-30.6760,2017
7518,-21.0881,2026
7519,-17.3194,2030
7520,7.2518,2055
7521,13.9162,2061
7522,26.7239,2074
7523,34.6900,2082
7524,12.6251,2060
7525,7.2840,2055
7526,-8.7887,2039
7527,-29.4902,2018
7528,-27.4466,2020
7529,-4.0665,2043
7530,7.0809,2055
7531,27.6375,2075
7532,43.0885,2091
7533,48.2536,2096
7534,40.9111,2088
7535,12.8330,2060
7536,1.1584,2049
7537,-1.2127,2046
7538,-15.5081,2032
7539,-0.9319,2047
7540,19.9408,2067
7541,42.7555,2090
7542,58.7986,2106
7543,52.2839,2100
7544,36.8195,2084
7545,25.9299,2073
7546,16.7952,2064
7547,1.3081,2049
7548,6.4438,2054
7549,5.3870,2053
7550,19.9911,2067
7551,39.5232,2087
7552,56.0065,2104
7553,64.5110,2112
7554,51.8360,2099
7555,27.5261,2075
7556,19.9120,2067
7557,7.7693,2055
7558,10.0294,2058
7559,1.1052,2049
7560,19.0194,2067
7561,40.6688,2088
7562,63.7046,2111
7563,56.7675,2104
7564,33.8623,2081
7565,20.7727,2068
7566,14.2115,2062
7567,-13.8642,2034
7568,-2.0862,2045
7569,4.3537,2052
7570,27.2819,2075
7571,28.3962,2076
7572,38.9536,2086
7573,48.3961,2096
7574,33.5310,2081
7575,20.7458,2068
7576,-12.0449,2035
7577,-8.4851,2039
7578,-19.4070,2028
7579,-8.3906,2039
7580,0.7912,2048
7581,34.5986,2082
7582,36.9316,2084
7583,24.4197,2072
7584,18.2680,2066
7585,0.0254,2048
7586,-16.3214,2031
7587,-32.2731,2015
7588,-23.2462,2024
7589,-8.2505,2039
7590,5.1869,2053
7591,22.4829,2070
7592,22.3437,2070
7593,21.7918,2069
7594,14.2406,2062
7595,4.8354,2052
7596,-18.0812,2029
7597,-22.9717,2025
7598,-30.6723,2017
7599,-22.1976,2025
7600,-1.8952,2046
7601,14.9025,2062
7602,28.0167,2076
7603,22.1146,2070
7604,30.7939,2078
7605,3.3943,2051
7606,-4.5472,2043
7607,-19.0951,2028
7608,-13.2929,2034
7609,-2.3477,2045
7610,2.5555,2050
7611,18.7021,2066
7612,37.5296,2085
7613,46.6830,2094
7614,33.1401,2081
7615,9.0789,2057
7616,0.8016,2048
7617,-10.7447,2037
7618,-11.8163,2036
7619,-2.0073,2045
7620,19.2904,2067
7621,42.3624,2090
7622,52.0536,2100
7623,54.5975,2102
7624,48.3758,2096
7625,32.7776,2080
7626,16.1000,2064
7627,4.4900,2052
7628,1.5026,2049
7629,5.3344,2053
7630,19.0244,2067
7631,46.0306,2094
7632,57.8122,2105
7633,65.6085,2113
7634,47.0174,2095
7635,38.9825,2086
7636,18.2859,2066
7637,8.2227,2056
7638,2.5684,2050
7639,14.9246,2062
7640,22.7345,2070
7641,40.4625,2088
7642,49.9730,2097
7643,46.7056,2094
7644,53.2780,2101
7645,30.4388,2078
7646,1.5481,2049
7647,-13.2860,2034
7648,-11.0582,2036
7649,-3.3878,2044
7650,27.9868,2075
7651,40.1274,2088
7652,52.1021,2100
7653,43.3562,2091
7654,38.9074,2086
7655,6.1089,2054
7656,-9.2885,2038
7657,-23.3367,2024
7658,-10.2782,2037
7659,-10.3035,2037
7660,6.2416,2054
7661,23.0216,2071
7662,41.9007,2089
7663,31.7375,2079
7664,27.9124,2075
7665,10.4323,2058
7666,-17.7969,2030
7667,-24.6150,2023
7668,-32.8714,2015
7669,-17.7380,2030
7670,-4.2094,2043
7671,15.8145,2063
7672,31.9853,2079
7673,37.5459,2085
7674,26.6979,2074
7675,2.4012,2050
7676,-13.8051,2034
7677,-34.5831,2013
7678,-33.7740,2014
7679,-17.7793,2030
7680,-2.5600,2045
7681,10.9431,2058
7682,33.1888,2081
7683,33.2142,2081
7684,20.6166,2068
7685,1.9507,2049
7686,-9.2497,2038
7687,-28.0513,2019
7688,-21.3004,2026
7689,-19.2035,2028
7690,10.4753,2058
7691,25.5788,2073
7692,37.5977,2085
7693,38.5261,2086
7694,35.9829,2083
7695,17.9061,2065
7696,-8.1544,2039
7697,-20.5031,2027
7698,-16.1504,2031
7699,-1.1263,2046
7700,19.8156,2067
7701,48.3130,2096
7702,46.0536,2094
7703,54.8451,2102
7704,40.6936,2088
7705,19.5441,2067
7706,3.7341,2051
7707,-9.1989,2038
7708,7.4869,2055
7709,0.7999,2048
7710,20.7724,2068
7711,41.6624,2089
7712,50.1244,2098
7713,63.0112,2111
7714,45.1079,2093
7715,22.1772,2070
7716,4.9574,2052
7717,2.7911,2050
7718,-1.9760,2046
7719,5.4699,2053
7720,21.5659,2069
7721,54.9764,2102
7722,48.7602,2096
7723,46.9755,2094
7724,51.4135,2099
7725,33.2561,2081
7726,12.0021,2060
7727,-2.7594,2045
7728,-6.0812,2041
7729,4.2422,2052
7730,30.2431,2078
7731,37.0305,2085
7732,46.6310,2094
7733,51.1074,2099
7734,26.6654,2074
7735,13.8725,2061
7736,-3.7127,2044
7737,-7.1836,2040
7738,-15.3362,2032
7739,-8.5761,2039
7740,18.3416,2066
7741,29.6742,2077
7742,29.9255,2077
7743,36.5079,2084
7744,32.0402,2080
7745,6.0888,2054
7746,-10.1916,2037
7747,-34.0881,2013
7748,-23.0108,2024
7749,-25.3681,2022
7750,6.4927,2054
7751,23.8206,2071
7752,28.3106,2076
7753,35.7852,2083
7754,23.8457,2071
7755,-4.1420,2043
7756,-23.2381,2024
7757,-28.2998,2019
7758,-21.3824,2026
7759,-14.0738,2033
7760,10.0595,2058
7761,14.6774,2062
7762,32.4350,2080
7763,39.1841,2087
7764,21.1218,2069
7765,7.5735,2055
7766,-17.0922,2030
7767,-13.7477,2034
7768,-30.4537,2017
7769,-13.4040,2034
7770,5.4177,2053
7771,16.9106,2064
7772,39.2796,2087
7773,30.7907,2078
7774,21.4238,2069
7775,12.3509,2060
7776,-10.7374,2037
7777,-8.2689,2039
7778,-21.5071,2026
7779,5.3417,2053
7780,14.0946,2062
7781,33.4372,2081
7782,40.2191,2088
7783,54.8521,2102
7784,43.7434,2091
7785,30.6636,2078
7786,-2.4870,2045
7787,4.6364,2052
7788,5.3963,2053
7789,7.1865,2055
7790,18.8380,2066
7791,43.1973,2091
7792,61.1540,2109
7793,61.1250,2109
7794,53.3081,2101
7795,24.2664,2072
7796,20.1498,2068
7797,4.4643,2052
7798,5.9899,2053
7799,2.3270,2050
7800,30.3117,2078
7801,49.3950,2097
7802,58.2716,2106
7803,48.3642,2096
7804,49.0883,2097
7805,29.5754,2077
7806,-0.3827,2047
7807,3.1136,2051
7808,3.6477,2051
7809,7.8137,2055
7810,14.2875,2062
7811,32.1004,2080
7812,46.9281,2094
7813,50.6336,2098
7814,42.8217,2090
7815,7.8443,2055
7816,-2.5610,2045
7817,-16.4130,2031
7818,-6.7750,2041
7819,1.5727,2049
7820,16.2552,2064
7821,27.1844,2075
7822,41.9834,2089
7823,45.5266,2093
7824,17.4094,2065
7825,6.4188,2054
7826,-8.7341,2039
7827,-23.2928,2024
7828,-21.2854,2026
7829,-6.1091,2041
7830,3.2610,2051
7831,13.9224,2061
7832,31.1268,2079
7833,31.7126,2079
7834,24.6833,2072
7835,5.8201,2053
7836,-12.1682,2035
7837,-30.3302,2017
7838,-36.1005,2011
7839,-14.2796,2033
7840,-9.6340,2038
7841,12.2846,2060
7842,35.5675,2083
7843,27.8371,2075
7844,26.2784,2074
7845,-4.1337,2043
7846,-5.4570,2042
7847,-18.1877,2029
7848,-32.5562,2015
7849,-4.9668,2043
7850,0.0336,2048
7851,31.2551,2079
7852,33.5968,2081
7853,45.8746,2093
7854,23.6937,2071
7855,21.3774,2069
7856,3.9055,2051
7857,-15.0343,2032
7858,-12.8703,2035
7859,0.9798,2048
7860,15.5633,2063
7861,38.3307,2086
7862,55.1365,2103
7863,58.8094,2106
7864,44.3546,2092
7865,26.5123,2074
7866,11.4184,2059
7867,-3.3941,2044
7868,-11.1659,2036
7869,16.2854,2064
7870,31.0098,2079
7871,47.4618,2095
7872,58.6986,2106
7873,47.5514,2095
7874,47.0193,2095
7875,38.4802,2086
7876,5.4394,2053
7877,0.2511,2048
7878,-3.1346,2044
7879,16.8948,2064
7880,35.9548,2083
7881,45.7393,2093
7882,58.0996,2106
7883,60.0771,2108
7884,42.0621,2090
7885,23.4518,2071
7886,1.7523,2049
7887,-7.8814,2040
7888,1.7140,2049
7889,9.3557,2057
7890,29.8568,2077
7891,32.9182,2080
7892,54.5958,2102
7893,42.3370,2090
7894,28.7456,2076
7895,17.3723,2065
7896,-3.5913,2044
7897,-15.6464,2032
7898,-14.2107,2033
7899,4.7243,2052
7900,17.0187,2065
7901,22.1001,2070
7902,39.2807,2087
7903,33.9865,2081
7904,18.8380,2066
7905,7.9875,2055
7906,-6.0184,2041
7907,-16.6329,2031
7908,-14.4866,2033
7909,-23.1886,2024
7910,4.3212,2052
7911,16.0930,2064
7912,29.6264,2077
7913,31.9264,2079
7914,27.4210,2075
7915,-3.5427,2044
7916,-9.2196,2038
7917,-26.6696,2021
7918,-37.7279,2010
7919,-24.2072,2023
7920,-5.4532,2042
7921,15.5908,2063
7922,25.1803,2073
7923,28.7632,2076
7924,19.9250,2067
7925,10.2485,2058
7926,-16.3631,2031
7927,-27.1574,2020
7928,-18.9933,2029
7929,-4.6498,2043
7930,2.4690,2050
7931,24.4550,2072
7932,27.3467,2075
7933,34.7938,2082
7934,24.1647,2072
7935,15.4494,2063
7936,2.7466,2050
7937,-23.2011,2024
7938,-22.4420,2025
7939,-3.7813,2044
7940,20.0149,2068
7941,28.9985,2076
7942,42.6269,2090
7943,51.7331,2099
7944,34.9095,2082
7945,26.7106,2074
7946,14.8685,2062
7947,0.3132,2048
7948,-6.9993,2041
7949,-1.6751,2046
7950,34.9210,2082
7951,36.2476,2084
7952,64.5606,2112
7953,61.6971,2109
7954,47.0549,2095
7955,38.5902,2086
7956,14.8506,2062
7957,10.5380,2058
7958,-1.3501,2046
7959,21.1602,2069
7960,37.1230,2085
7961,51.1840,2099
7962,56.8413,2104
7963,56.4973,2104
7964,37.5795,2085
7965,24.0368,2072
7966,13.6145,2061
7967,-1.7406,2046
7968,-4.4746,2043
7969,3.4166,2051
7970,23.1883,2071
7971,32.3011,2080
7972,50.2186,2098
7973,53.8018,2101
7974,42.2413,2090
7975,15.1100,2063
7976,9.1530,2057
7977,-17.6819,2030
7978,-22.2415,2025
7979,-7.8939,2040
7980,17.9683,2065
7981,38.6491,2086
7982,36.0017,2084
7983,41.0858,2089
7984,20.4960,2068
7985,14.8028,2062
7986,-8.8487,2039
7987,-25.5142,2022
7988,-27.0282,2020
7989,-4.3874,2043
7990,-0.7600,2047
7991,13.9641,2061
7992,24.0070,2072
7993,34.6286,2082
7994,11.4332,2059
7995,5.5974,2053
7996,-16.5814,2031
7997,-31.5184,2016
7998,-23.2688,2024
7999,-9.2321,2038
8000,2.4324,2050
8001,21.9739,2069
8002,28.6895,2076
8003,31.1828,2079
8004,26.8654,2074
8005,5.8946,2053
8006,-7.9824,2040
8007,-19.2610,2028
8008,-26.7594,2021
8009,-5.6963,2042
8010,-3.4254,2044
8011,16.0927,2064
8012,32.1447,2080
8013,33.9421,2081
8014,21.8892,2069
8015,0.7306,2048
8016,-1.9834,2046
8017,-18.9533,2029
8018,-17.6062,2030
8019,-12.3455,2035
8020,22.2545,2070
8021,37.8483,2085
8022,51.2879,2099
8023,47.8207,2095
8024,46.0382,2094
8025,19.0654,2067
8026,-0.1326,2047
8027,-6.2311,2041
8028,0.3104,2048
8029,8.2980,2056
8030,33.7616,2081
8031,41.5577,2089
8032,50.9390,2098
8033,64.7560,2112
8034,55.3937,2103
8035,22.2274,2070
8036,14.3493,2062
8037,-1.6563,2046
8038,11.1390,2059
8039,13.7464,2061
8040,35.3860,2083
8041,38.9628,2086
8042,52.8954,2100
8043,50.2408,2098
8044,56.4020,2104
8045,28.7562,2076
8046,3.6119,2051
8047,3.3189,2051
8048,-3.7400,2044
8049,-0.1741,2047
8050,21.0608,2069
8051,36.6196,2084
8052,56.7991,2104
8053,52.0254,2100
8054,34.5039,2082
8055,13.8057,2061
8056,10.4886,2058
8057,-9.7355,2038
8058,-9.0798,2038
8059,1.8656,2049
8060,6.1401,2054
8061,22.0008,2070
8062,31.7487,2079
8063,36.2089,2084
8064,36.7879,2084
8065,9.4602,2057
8066,-10.0197,2037
8067,-29.5376,2018
8068,-24.5065,2023
8069,-2.7339,2045
8070,7.6564,2055
8071,14.4971,2062
8072,22.6604,2070
8073,38.6070,2086
8074,25.3410,2073
8075,2.3942,2050
8076,-8.6548,2039
8077,-28.6730,2019
8078,-22.5146,2025
8079,-11.1778,2036
8080,0.5942,2048
8081,9.0710,2057
8082,30.0781,2078
8083,34.4850,2082
8084,20.4787,2068
8085,7.6373,2055
8086,-7.1351,2040
8087,-25.4893,2022
8088,-18.4646,2029
8089,-22.6651,2025
8090,8.9263,2056
8091,31.1976,2079
8092,26.5976,2074
8093,31.1421,2079
8094,30.6392,2078
8095,-0.1427,2047
8096,-1.7012,2046
8097,-12.4928,2035
8098,-13.1593,2034
8099,-0.1075,2047
8100,19.0756,2067
8101,29.8752,2077
8102,52.7355,2100
8103,42.6880,2090
8104,41.5126,2089
8105,13.9813,2061
8106,11.0338,2059
8107,-12.6303,2035
8108,-1.8405,2046
8109,10.0103,2058
8110,25.5352,2073
8111,47.9848,2095
8112,60.0466,2108
8113,47.7359,2095
8114,45.8619,2093
8115,36.1507,2084
8116,19.7842,2067
8117,10.4558,2058
8118,10.1424,2058
8119,18.0299,2066
8120,21.1874,2069
8121,51.4274,2099
8122,53.2553,2101
8123,51.8918,2099
8124,56.7504,2104
8125,29.5774,2077
8126,16.1048,2064
8127,-4.2897,2043
8128,-5.4736,2042
8129,7.7551,2055
8130,16.4560,2064
8131,33.2918,2081
8132,48.5264,2096
8133,50.2024,2098
8134,47.1260,2095
8135,22.2819,2070
8136,4.9840,2052
8137,-4.6107,2043
8138,-15.5309,2032
8139,5.4303,2053
8140,13.8976,2061
8141,37.7717,2085
8142,42.5047,2090
8143,44.1523,2092
8144,36.1089,2084
8145,11.1669,2059
8146,-17.3614,2030
8147,-24.3181,2023
8148,-20.9361,2027
8149,-21.3987,2026
8150,7.5081,2055
8151,23.8871,2071
8152,35.9916,2083
8153,29.0671,2077
8154,15.7053,2063
8155,5.0896,2053
8156,-8.4301,2039
8157,-26.5438,2021
8158,-28.2751,2019
8159,-23.8209,2024
8160,0.0762,2048
8161,17.6351,2065
8162,32.7615,2080
8163,34.0805,2082
8164,26.1910,2074
8165,1.6502,2049
8166,-10.0054,2037
8167,-36.4395,2011
8168,-20.6905,2027
8169,-23.7752,2024
8170,9.7586,2057
8171,25.7641,2073
8172,39.8961,2087
8173,30.9873,2078
8174,32.0446,2080
8175,1.8067,2049
8176,-1.1882,2046
8177,-10.0075,2037
8178,-27.0961,2020
8179,2.9289,2050
8180,12.5145,2060
8181,34.7101,2082
8182,44.3731,2092
8183,48.7293,2096
8184,25.7850,2073
8185,15.4803,2063
8186,-0.4496,2047
8187,-8.4692,2039
8188,1.5681,2049
8189,2.8658,2050
8190,26.6327,2074
8191,40.5573,2088
